time,load_shortfall_3h
2018-01-01 00:00:00,0
2018-01-01 03:00:00,1
2018-01-01 06:00:00,2
2018-01-01 09:00:00,3
2018-01-01 12:00:00,4
2018-01-01 15:00:00,5
2018-01-01 18:00:00,6
2018-01-01 21:00:00,7
2018-01-02 00:00:00,8
2018-01-02 03:00:00,9
2018-01-02 06:00:00,10
2018-01-02 09:00:00,11
2018-01-02 12:00:00,12
2018-01-02 15:00:00,13
2018-01-02 18:00:00,14
2018-01-02 21:00:00,15
2018-01-03 00:00:00,16
2018-01-03 03:00:00,17
2018-01-03 06:00:00,18
2018-01-03 09:00:00,19
2018-01-03 12:00:00,20
2018-01-03 15:00:00,21
2018-01-03 18:00:00,22
2018-01-03 21:00:00,23
2018-01-04 00:00:00,24
2018-01-04 03:00:00,25
2018-01-04 06:00:00,26
2018-01-04 09:00:00,27
2018-01-04 12:00:00,28
2018-01-04 15:00:00,29
2018-01-04 18:00:00,30
2018-01-04 21:00:00,31
2018-01-05 00:00:00,32
2018-01-05 03:00:00,33
2018-01-05 06:00:00,34
2018-01-05 09:00:00,35
2018-01-05 12:00:00,36
2018-01-05 15:00:00,37
2018-01-05 18:00:00,38
2018-01-05 21:00:00,39
2018-01-06 00:00:00,40
2018-01-06 03:00:00,41
2018-01-06 06:00:00,42
2018-01-06 09:00:00,43
2018-01-06 12:00:00,44
2018-01-06 15:00:00,45
2018-01-06 18:00:00,46
2018-01-06 21:00:00,47
2018-01-07 00:00:00,48
2018-01-07 03:00:00,49
2018-01-07 06:00:00,50
2018-01-07 09:00:00,51
2018-01-07 12:00:00,52
2018-01-07 15:00:00,53
2018-01-07 18:00:00,54
2018-01-07 21:00:00,55
2018-01-08 00:00:00,56
2018-01-08 03:00:00,57
2018-01-08 06:00:00,58
2018-01-08 09:00:00,59
2018-01-08 12:00:00,60
2018-01-08 15:00:00,61
2018-01-08 18:00:00,62
2018-01-08 21:00:00,63
2018-01-09 00:00:00,64
2018-01-09 03:00:00,65
2018-01-09 06:00:00,66
2018-01-09 09:00:00,67
2018-01-09 12:00:00,68
2018-01-09 15:00:00,69
2018-01-09 18:00:00,70
2018-01-09 21:00:00,71
2018-01-10 00:00:00,72
2018-01-10 03:00:00,73
2018-01-10 06:00:00,74
2018-01-10 09:00:00,75
2018-01-10 12:00:00,76
2018-01-10 15:00:00,77
2018-01-10 18:00:00,78
2018-01-10 21:00:00,79
2018-01-11 00:00:00,80
2018-01-11 03:00:00,81
2018-01-11 06:00:00,82
2018-01-11 09:00:00,83
2018-01-11 12:00:00,84
2018-01-11 15:00:00,85
2018-01-11 18:00:00,86
2018-01-11 21:00:00,87
2018-01-12 00:00:00,88
2018-01-12 03:00:00,89
2018-01-12 06:00:00,90
2018-01-12 09:00:00,91
2018-01-12 12:00:00,92
2018-01-12 15:00:00,93
2018-01-12 18:00:00,94
2018-01-12 21:00:00,95
2018-01-13 00:00:00,96
2018-01-13 03:00:00,97
2018-01-13 06:00:00,98
2018-01-13 09:00:00,99
2018-01-13 12:00:00,100
2018-01-13 15:00:00,101
2018-01-13 18:00:00,102
2018-01-13 21:00:00,103
2018-01-14 00:00:00,104
2018-01-14 03:00:00,105
2018-01-14 06:00:00,106
2018-01-14 09:00:00,107
2018-01-14 12:00:00,108
2018-01-14 15:00:00,109
2018-01-14 18:00:00,110
2018-01-14 21:00:00,111
2018-01-15 00:00:00,112
2018-01-15 03:00:00,113
2018-01-15 06:00:00,114
2018-01-15 09:00:00,115
2018-01-15 12:00:00,116
2018-01-15 15:00:00,117
2018-01-15 18:00:00,118
2018-01-15 21:00:00,119
2018-01-16 00:00:00,120
2018-01-16 03:00:00,121
2018-01-16 06:00:00,122
2018-01-16 09:00:00,123
2018-01-16 12:00:00,124
2018-01-16 15:00:00,125
2018-01-16 18:00:00,126
2018-01-16 21:00:00,127
2018-01-17 00:00:00,128
2018-01-17 03:00:00,129
2018-01-17 06:00:00,130
2018-01-17 09:00:00,131
2018-01-17 12:00:00,132
2018-01-17 15:00:00,133
2018-01-17 18:00:00,134
2018-01-17 21:00:00,135
2018-01-18 00:00:00,136
2018-01-18 03:00:00,137
2018-01-18 06:00:00,138
2018-01-18 09:00:00,139
2018-01-18 12:00:00,140
2018-01-18 15:00:00,141
2018-01-18 18:00:00,142
2018-01-18 21:00:00,143
2018-01-19 00:00:00,144
2018-01-19 03:00:00,145
2018-01-19 06:00:00,146
2018-01-19 09:00:00,147
2018-01-19 12:00:00,148
2018-01-19 15:00:00,149
2018-01-19 18:00:00,150
2018-01-19 21:00:00,151
2018-01-20 00:00:00,152
2018-01-20 03:00:00,153
2018-01-20 06:00:00,154
2018-01-20 09:00:00,155
2018-01-20 12:00:00,156
2018-01-20 15:00:00,157
2018-01-20 18:00:00,158
2018-01-20 21:00:00,159
2018-01-21 00:00:00,160
2018-01-21 03:00:00,161
2018-01-21 06:00:00,162
2018-01-21 09:00:00,163
2018-01-21 12:00:00,164
2018-01-21 15:00:00,165
2018-01-21 18:00:00,166
2018-01-21 21:00:00,167
2018-01-22 00:00:00,168
2018-01-22 03:00:00,169
2018-01-22 06:00:00,170
2018-01-22 09:00:00,171
2018-01-22 12:00:00,172
2018-01-22 15:00:00,173
2018-01-22 18:00:00,174
2018-01-22 21:00:00,175
2018-01-23 00:00:00,176
2018-01-23 03:00:00,177
2018-01-23 06:00:00,178
2018-01-23 09:00:00,179
2018-01-23 12:00:00,180
2018-01-23 15:00:00,181
2018-01-23 18:00:00,182
2018-01-23 21:00:00,183
2018-01-24 00:00:00,184
2018-01-24 03:00:00,185
2018-01-24 06:00:00,186
2018-01-24 09:00:00,187
2018-01-24 12:00:00,188
2018-01-24 15:00:00,189
2018-01-24 18:00:00,190
2018-01-24 21:00:00,191
2018-01-25 00:00:00,192
2018-01-25 03:00:00,193
2018-01-25 06:00:00,194
2018-01-25 09:00:00,195
2018-01-25 12:00:00,196
2018-01-25 15:00:00,197
2018-01-25 18:00:00,198
2018-01-25 21:00:00,199
2018-01-26 00:00:00,200
2018-01-26 03:00:00,201
2018-01-26 06:00:00,202
2018-01-26 09:00:00,203
2018-01-26 12:00:00,204
2018-01-26 15:00:00,205
2018-01-26 18:00:00,206
2018-01-26 21:00:00,207
2018-01-27 00:00:00,208
2018-01-27 03:00:00,209
2018-01-27 06:00:00,210
2018-01-27 09:00:00,211
2018-01-27 12:00:00,212
2018-01-27 15:00:00,213
2018-01-27 18:00:00,214
2018-01-27 21:00:00,215
2018-01-28 00:00:00,216
2018-01-28 03:00:00,217
2018-01-28 06:00:00,218
2018-01-28 09:00:00,219
2018-01-28 12:00:00,220
2018-01-28 15:00:00,221
2018-01-28 18:00:00,222
2018-01-28 21:00:00,223
2018-01-29 00:00:00,224
2018-01-29 03:00:00,225
2018-01-29 06:00:00,226
2018-01-29 09:00:00,227
2018-01-29 12:00:00,228
2018-01-29 15:00:00,229
2018-01-29 18:00:00,230
2018-01-29 21:00:00,231
2018-01-30 00:00:00,232
2018-01-30 03:00:00,233
2018-01-30 06:00:00,234
2018-01-30 09:00:00,235
2018-01-30 12:00:00,236
2018-01-30 15:00:00,237
2018-01-30 18:00:00,238
2018-01-30 21:00:00,239
2018-01-31 00:00:00,240
2018-01-31 03:00:00,241
2018-01-31 06:00:00,242
2018-01-31 09:00:00,243
2018-01-31 12:00:00,244
2018-01-31 15:00:00,245
2018-01-31 18:00:00,246
2018-01-31 21:00:00,247
2018-02-01 00:00:00,248
2018-02-01 03:00:00,249
2018-02-01 06:00:00,250
2018-02-01 09:00:00,251
2018-02-01 12:00:00,252
2018-02-01 15:00:00,253
2018-02-01 18:00:00,254
2018-02-01 21:00:00,255
2018-02-02 00:00:00,256
2018-02-02 03:00:00,257
2018-02-02 06:00:00,258
2018-02-02 09:00:00,259
2018-02-02 12:00:00,260
2018-02-02 15:00:00,261
2018-02-02 18:00:00,262
2018-02-02 21:00:00,263
2018-02-03 00:00:00,264
2018-02-03 03:00:00,265
2018-02-03 06:00:00,266
2018-02-03 09:00:00,267
2018-02-03 12:00:00,268
2018-02-03 15:00:00,269
2018-02-03 18:00:00,270
2018-02-03 21:00:00,271
2018-02-04 00:00:00,272
2018-02-04 03:00:00,273
2018-02-04 06:00:00,274
2018-02-04 09:00:00,275
2018-02-04 12:00:00,276
2018-02-04 15:00:00,277
2018-02-04 18:00:00,278
2018-02-04 21:00:00,279
2018-02-05 00:00:00,280
2018-02-05 03:00:00,281
2018-02-05 06:00:00,282
2018-02-05 09:00:00,283
2018-02-05 12:00:00,284
2018-02-05 15:00:00,285
2018-02-05 18:00:00,286
2018-02-05 21:00:00,287
2018-02-06 00:00:00,288
2018-02-06 03:00:00,289
2018-02-06 06:00:00,290
2018-02-06 09:00:00,291
2018-02-06 12:00:00,292
2018-02-06 15:00:00,293
2018-02-06 18:00:00,294
2018-02-06 21:00:00,295
2018-02-07 00:00:00,296
2018-02-07 03:00:00,297
2018-02-07 06:00:00,298
2018-02-07 09:00:00,299
2018-02-07 12:00:00,300
2018-02-07 15:00:00,301
2018-02-07 18:00:00,302
2018-02-07 21:00:00,303
2018-02-08 00:00:00,304
2018-02-08 03:00:00,305
2018-02-08 06:00:00,306
2018-02-08 09:00:00,307
2018-02-08 12:00:00,308
2018-02-08 15:00:00,309
2018-02-08 18:00:00,310
2018-02-08 21:00:00,311
2018-02-09 00:00:00,312
2018-02-09 03:00:00,313
2018-02-09 06:00:00,314
2018-02-09 09:00:00,315
2018-02-09 12:00:00,316
2018-02-09 15:00:00,317
2018-02-09 18:00:00,318
2018-02-09 21:00:00,319
2018-02-10 00:00:00,320
2018-02-10 03:00:00,321
2018-02-10 06:00:00,322
2018-02-10 09:00:00,323
2018-02-10 12:00:00,324
2018-02-10 15:00:00,325
2018-02-10 18:00:00,326
2018-02-10 21:00:00,327
2018-02-11 00:00:00,328
2018-02-11 03:00:00,329
2018-02-11 06:00:00,330
2018-02-11 09:00:00,331
2018-02-11 12:00:00,332
2018-02-11 15:00:00,333
2018-02-11 18:00:00,334
2018-02-11 21:00:00,335
2018-02-12 00:00:00,336
2018-02-12 03:00:00,337
2018-02-12 06:00:00,338
2018-02-12 09:00:00,339
2018-02-12 12:00:00,340
2018-02-12 15:00:00,341
2018-02-12 18:00:00,342
2018-02-12 21:00:00,343
2018-02-13 00:00:00,344
2018-02-13 03:00:00,345
2018-02-13 06:00:00,346
2018-02-13 09:00:00,347
2018-02-13 12:00:00,348
2018-02-13 15:00:00,349
2018-02-13 18:00:00,350
2018-02-13 21:00:00,351
2018-02-14 00:00:00,352
2018-02-14 03:00:00,353
2018-02-14 06:00:00,354
2018-02-14 09:00:00,355
2018-02-14 12:00:00,356
2018-02-14 15:00:00,357
2018-02-14 18:00:00,358
2018-02-14 21:00:00,359
2018-02-15 00:00:00,360
2018-02-15 03:00:00,361
2018-02-15 06:00:00,362
2018-02-15 09:00:00,363
2018-02-15 12:00:00,364
2018-02-15 15:00:00,365
2018-02-15 18:00:00,366
2018-02-15 21:00:00,367
2018-02-16 00:00:00,368
2018-02-16 03:00:00,369
2018-02-16 06:00:00,370
2018-02-16 09:00:00,371
2018-02-16 12:00:00,372
2018-02-16 15:00:00,373
2018-02-16 18:00:00,374
2018-02-16 21:00:00,375
2018-02-17 00:00:00,376
2018-02-17 03:00:00,377
2018-02-17 06:00:00,378
2018-02-17 09:00:00,379
2018-02-17 12:00:00,380
2018-02-17 15:00:00,381
2018-02-17 18:00:00,382
2018-02-17 21:00:00,383
2018-02-18 00:00:00,384
2018-02-18 03:00:00,385
2018-02-18 06:00:00,386
2018-02-18 09:00:00,387
2018-02-18 12:00:00,388
2018-02-18 15:00:00,389
2018-02-18 18:00:00,390
2018-02-18 21:00:00,391
2018-02-19 00:00:00,392
2018-02-19 03:00:00,393
2018-02-19 06:00:00,394
2018-02-19 09:00:00,395
2018-02-19 12:00:00,396
2018-02-19 15:00:00,397
2018-02-19 18:00:00,398
2018-02-19 21:00:00,399
2018-02-20 00:00:00,400
2018-02-20 03:00:00,401
2018-02-20 06:00:00,402
2018-02-20 09:00:00,403
2018-02-20 12:00:00,404
2018-02-20 15:00:00,405
2018-02-20 18:00:00,406
2018-02-20 21:00:00,407
2018-02-21 00:00:00,408
2018-02-21 03:00:00,409
2018-02-21 06:00:00,410
2018-02-21 09:00:00,411
2018-02-21 12:00:00,412
2018-02-21 15:00:00,413
2018-02-21 18:00:00,414
2018-02-21 21:00:00,415
2018-02-22 00:00:00,416
2018-02-22 03:00:00,417
2018-02-22 06:00:00,418
2018-02-22 09:00:00,419
2018-02-22 12:00:00,420
2018-02-22 15:00:00,421
2018-02-22 18:00:00,422
2018-02-22 21:00:00,423
2018-02-23 00:00:00,424
2018-02-23 03:00:00,425
2018-02-23 06:00:00,426
2018-02-23 09:00:00,427
2018-02-23 12:00:00,428
2018-02-23 15:00:00,429
2018-02-23 18:00:00,430
2018-02-23 21:00:00,431
2018-02-24 00:00:00,432
2018-02-24 03:00:00,433
2018-02-24 06:00:00,434
2018-02-24 09:00:00,435
2018-02-24 12:00:00,436
2018-02-24 15:00:00,437
2018-02-24 18:00:00,438
2018-02-24 21:00:00,439
2018-02-25 00:00:00,440
2018-02-25 03:00:00,441
2018-02-25 06:00:00,442
2018-02-25 09:00:00,443
2018-02-25 12:00:00,444
2018-02-25 15:00:00,445
2018-02-25 18:00:00,446
2018-02-25 21:00:00,447
2018-02-26 00:00:00,448
2018-02-26 03:00:00,449
2018-02-26 06:00:00,450
2018-02-26 09:00:00,451
2018-02-26 12:00:00,452
2018-02-26 15:00:00,453
2018-02-26 18:00:00,454
2018-02-26 21:00:00,455
2018-02-27 00:00:00,456
2018-02-27 03:00:00,457
2018-02-27 06:00:00,458
2018-02-27 09:00:00,459
2018-02-27 12:00:00,460
2018-02-27 15:00:00,461
2018-02-27 18:00:00,462
2018-02-27 21:00:00,463
2018-02-28 00:00:00,464
2018-02-28 03:00:00,465
2018-02-28 06:00:00,466
2018-02-28 09:00:00,467
2018-02-28 12:00:00,468
2018-02-28 15:00:00,469
2018-02-28 18:00:00,470
2018-02-28 21:00:00,471
2018-03-01 00:00:00,472
2018-03-01 03:00:00,473
2018-03-01 06:00:00,474
2018-03-01 09:00:00,475
2018-03-01 12:00:00,476
2018-03-01 15:00:00,477
2018-03-01 18:00:00,478
2018-03-01 21:00:00,479
2018-03-02 00:00:00,480
2018-03-02 03:00:00,481
2018-03-02 06:00:00,482
2018-03-02 09:00:00,483
2018-03-02 12:00:00,484
2018-03-02 15:00:00,485
2018-03-02 18:00:00,486
2018-03-02 21:00:00,487
2018-03-03 00:00:00,488
2018-03-03 03:00:00,489
2018-03-03 06:00:00,490
2018-03-03 09:00:00,491
2018-03-03 12:00:00,492
2018-03-03 15:00:00,493
2018-03-03 18:00:00,494
2018-03-03 21:00:00,495
2018-03-04 00:00:00,496
2018-03-04 03:00:00,497
2018-03-04 06:00:00,498
2018-03-04 09:00:00,499
2018-03-04 12:00:00,500
2018-03-04 15:00:00,501
2018-03-04 18:00:00,502
2018-03-04 21:00:00,503
2018-03-05 00:00:00,504
2018-03-05 03:00:00,505
2018-03-05 06:00:00,506
2018-03-05 09:00:00,507
2018-03-05 12:00:00,508
2018-03-05 15:00:00,509
2018-03-05 18:00:00,510
2018-03-05 21:00:00,511
2018-03-06 00:00:00,512
2018-03-06 03:00:00,513
2018-03-06 06:00:00,514
2018-03-06 09:00:00,515
2018-03-06 12:00:00,516
2018-03-06 15:00:00,517
2018-03-06 18:00:00,518
2018-03-06 21:00:00,519
2018-03-07 00:00:00,520
2018-03-07 03:00:00,521
2018-03-07 06:00:00,522
2018-03-07 09:00:00,523
2018-03-07 12:00:00,524
2018-03-07 15:00:00,525
2018-03-07 18:00:00,526
2018-03-07 21:00:00,527
2018-03-08 00:00:00,528
2018-03-08 03:00:00,529
2018-03-08 06:00:00,530
2018-03-08 09:00:00,531
2018-03-08 12:00:00,532
2018-03-08 15:00:00,533
2018-03-08 18:00:00,534
2018-03-08 21:00:00,535
2018-03-09 00:00:00,536
2018-03-09 03:00:00,537
2018-03-09 06:00:00,538
2018-03-09 09:00:00,539
2018-03-09 12:00:00,540
2018-03-09 15:00:00,541
2018-03-09 18:00:00,542
2018-03-09 21:00:00,543
2018-03-10 00:00:00,544
2018-03-10 03:00:00,545
2018-03-10 06:00:00,546
2018-03-10 09:00:00,547
2018-03-10 12:00:00,548
2018-03-10 15:00:00,549
2018-03-10 18:00:00,550
2018-03-10 21:00:00,551
2018-03-11 00:00:00,552
2018-03-11 03:00:00,553
2018-03-11 06:00:00,554
2018-03-11 09:00:00,555
2018-03-11 12:00:00,556
2018-03-11 15:00:00,557
2018-03-11 18:00:00,558
2018-03-11 21:00:00,559
2018-03-12 00:00:00,560
2018-03-12 03:00:00,561
2018-03-12 06:00:00,562
2018-03-12 09:00:00,563
2018-03-12 12:00:00,564
2018-03-12 15:00:00,565
2018-03-12 18:00:00,566
2018-03-12 21:00:00,567
2018-03-13 00:00:00,568
2018-03-13 03:00:00,569
2018-03-13 06:00:00,570
2018-03-13 09:00:00,571
2018-03-13 12:00:00,572
2018-03-13 15:00:00,573
2018-03-13 18:00:00,574
2018-03-13 21:00:00,575
2018-03-14 00:00:00,576
2018-03-14 03:00:00,577
2018-03-14 06:00:00,578
2018-03-14 09:00:00,579
2018-03-14 12:00:00,580
2018-03-14 15:00:00,581
2018-03-14 18:00:00,582
2018-03-14 21:00:00,583
2018-03-15 00:00:00,584
2018-03-15 03:00:00,585
2018-03-15 06:00:00,586
2018-03-15 09:00:00,587
2018-03-15 12:00:00,588
2018-03-15 15:00:00,589
2018-03-15 18:00:00,590
2018-03-15 21:00:00,591
2018-03-16 00:00:00,592
2018-03-16 03:00:00,593
2018-03-16 06:00:00,594
2018-03-16 09:00:00,595
2018-03-16 12:00:00,596
2018-03-16 15:00:00,597
2018-03-16 18:00:00,598
2018-03-16 21:00:00,599
2018-03-17 00:00:00,600
2018-03-17 03:00:00,601
2018-03-17 06:00:00,602
2018-03-17 09:00:00,603
2018-03-17 12:00:00,604
2018-03-17 15:00:00,605
2018-03-17 18:00:00,606
2018-03-17 21:00:00,607
2018-03-18 00:00:00,608
2018-03-18 03:00:00,609
2018-03-18 06:00:00,610
2018-03-18 09:00:00,611
2018-03-18 12:00:00,612
2018-03-18 15:00:00,613
2018-03-18 18:00:00,614
2018-03-18 21:00:00,615
2018-03-19 00:00:00,616
2018-03-19 03:00:00,617
2018-03-19 06:00:00,618
2018-03-19 09:00:00,619
2018-03-19 12:00:00,620
2018-03-19 15:00:00,621
2018-03-19 18:00:00,622
2018-03-19 21:00:00,623
2018-03-20 00:00:00,624
2018-03-20 03:00:00,625
2018-03-20 06:00:00,626
2018-03-20 09:00:00,627
2018-03-20 12:00:00,628
2018-03-20 15:00:00,629
2018-03-20 18:00:00,630
2018-03-20 21:00:00,631
2018-03-21 00:00:00,632
2018-03-21 03:00:00,633
2018-03-21 06:00:00,634
2018-03-21 09:00:00,635
2018-03-21 12:00:00,636
2018-03-21 15:00:00,637
2018-03-21 18:00:00,638
2018-03-21 21:00:00,639
2018-03-22 00:00:00,640
2018-03-22 03:00:00,641
2018-03-22 06:00:00,642
2018-03-22 09:00:00,643
2018-03-22 12:00:00,644
2018-03-22 15:00:00,645
2018-03-22 18:00:00,646
2018-03-22 21:00:00,647
2018-03-23 00:00:00,648
2018-03-23 03:00:00,649
2018-03-23 06:00:00,650
2018-03-23 09:00:00,651
2018-03-23 12:00:00,652
2018-03-23 15:00:00,653
2018-03-23 18:00:00,654
2018-03-23 21:00:00,655
2018-03-24 00:00:00,656
2018-03-24 03:00:00,657
2018-03-24 06:00:00,658
2018-03-24 09:00:00,659
2018-03-24 12:00:00,660
2018-03-24 15:00:00,661
2018-03-24 18:00:00,662
2018-03-24 21:00:00,663
2018-03-25 00:00:00,664
2018-03-25 03:00:00,665
2018-03-25 06:00:00,666
2018-03-25 09:00:00,667
2018-03-25 12:00:00,668
2018-03-25 15:00:00,669
2018-03-25 18:00:00,670
2018-03-25 21:00:00,671
2018-03-26 00:00:00,672
2018-03-26 03:00:00,673
2018-03-26 06:00:00,674
2018-03-26 09:00:00,675
2018-03-26 12:00:00,676
2018-03-26 15:00:00,677
2018-03-26 18:00:00,678
2018-03-26 21:00:00,679
2018-03-27 00:00:00,680
2018-03-27 03:00:00,681
2018-03-27 06:00:00,682
2018-03-27 09:00:00,683
2018-03-27 12:00:00,684
2018-03-27 15:00:00,685
2018-03-27 18:00:00,686
2018-03-27 21:00:00,687
2018-03-28 00:00:00,688
2018-03-28 03:00:00,689
2018-03-28 06:00:00,690
2018-03-28 09:00:00,691
2018-03-28 12:00:00,692
2018-03-28 15:00:00,693
2018-03-28 18:00:00,694
2018-03-28 21:00:00,695
2018-03-29 00:00:00,696
2018-03-29 03:00:00,697
2018-03-29 06:00:00,698
2018-03-29 09:00:00,699
2018-03-29 12:00:00,700
2018-03-29 15:00:00,701
2018-03-29 18:00:00,702
2018-03-29 21:00:00,703
2018-03-30 00:00:00,704
2018-03-30 03:00:00,705
2018-03-30 06:00:00,706
2018-03-30 09:00:00,707
2018-03-30 12:00:00,708
2018-03-30 15:00:00,709
2018-03-30 18:00:00,710
2018-03-30 21:00:00,711
2018-03-31 00:00:00,712
2018-03-31 03:00:00,713
2018-03-31 06:00:00,714
2018-03-31 09:00:00,715
2018-03-31 12:00:00,716
2018-03-31 15:00:00,717
2018-03-31 18:00:00,718
2018-03-31 21:00:00,719
2018-04-01 00:00:00,720
2018-04-01 03:00:00,721
2018-04-01 06:00:00,722
2018-04-01 09:00:00,723
2018-04-01 12:00:00,724
2018-04-01 15:00:00,725
2018-04-01 18:00:00,726
2018-04-01 21:00:00,727
2018-04-02 00:00:00,728
2018-04-02 03:00:00,729
2018-04-02 06:00:00,730
2018-04-02 09:00:00,731
2018-04-02 12:00:00,732
2018-04-02 15:00:00,733
2018-04-02 18:00:00,734
2018-04-02 21:00:00,735
2018-04-03 00:00:00,736
2018-04-03 03:00:00,737
2018-04-03 06:00:00,738
2018-04-03 09:00:00,739
2018-04-03 12:00:00,740
2018-04-03 15:00:00,741
2018-04-03 18:00:00,742
2018-04-03 21:00:00,743
2018-04-04 00:00:00,744
2018-04-04 03:00:00,745
2018-04-04 06:00:00,746
2018-04-04 09:00:00,747
2018-04-04 12:00:00,748
2018-04-04 15:00:00,749
2018-04-04 18:00:00,750
2018-04-04 21:00:00,751
2018-04-05 00:00:00,752
2018-04-05 03:00:00,753
2018-04-05 06:00:00,754
2018-04-05 09:00:00,755
2018-04-05 12:00:00,756
2018-04-05 15:00:00,757
2018-04-05 18:00:00,758
2018-04-05 21:00:00,759
2018-04-06 00:00:00,760
2018-04-06 03:00:00,761
2018-04-06 06:00:00,762
2018-04-06 09:00:00,763
2018-04-06 12:00:00,764
2018-04-06 15:00:00,765
2018-04-06 18:00:00,766
2018-04-06 21:00:00,767
2018-04-07 00:00:00,768
2018-04-07 03:00:00,769
2018-04-07 06:00:00,770
2018-04-07 09:00:00,771
2018-04-07 12:00:00,772
2018-04-07 15:00:00,773
2018-04-07 18:00:00,774
2018-04-07 21:00:00,775
2018-04-08 00:00:00,776
2018-04-08 03:00:00,777
2018-04-08 06:00:00,778
2018-04-08 09:00:00,779
2018-04-08 12:00:00,780
2018-04-08 15:00:00,781
2018-04-08 18:00:00,782
2018-04-08 21:00:00,783
2018-04-09 00:00:00,784
2018-04-09 03:00:00,785
2018-04-09 06:00:00,786
2018-04-09 09:00:00,787
2018-04-09 12:00:00,788
2018-04-09 15:00:00,789
2018-04-09 18:00:00,790
2018-04-09 21:00:00,791
2018-04-10 00:00:00,792
2018-04-10 03:00:00,793
2018-04-10 06:00:00,794
2018-04-10 09:00:00,795
2018-04-10 12:00:00,796
2018-04-10 15:00:00,797
2018-04-10 18:00:00,798
2018-04-10 21:00:00,799
2018-04-11 00:00:00,800
2018-04-11 03:00:00,801
2018-04-11 06:00:00,802
2018-04-11 09:00:00,803
2018-04-11 12:00:00,804
2018-04-11 15:00:00,805
2018-04-11 18:00:00,806
2018-04-11 21:00:00,807
2018-04-12 00:00:00,808
2018-04-12 03:00:00,809
2018-04-12 06:00:00,810
2018-04-12 09:00:00,811
2018-04-12 12:00:00,812
2018-04-12 15:00:00,813
2018-04-12 18:00:00,814
2018-04-12 21:00:00,815
2018-04-13 00:00:00,816
2018-04-13 03:00:00,817
2018-04-13 06:00:00,818
2018-04-13 09:00:00,819
2018-04-13 12:00:00,820
2018-04-13 15:00:00,821
2018-04-13 18:00:00,822
2018-04-13 21:00:00,823
2018-04-14 00:00:00,824
2018-04-14 03:00:00,825
2018-04-14 06:00:00,826
2018-04-14 09:00:00,827
2018-04-14 12:00:00,828
2018-04-14 15:00:00,829
2018-04-14 18:00:00,830
2018-04-14 21:00:00,831
2018-04-15 00:00:00,832
2018-04-15 03:00:00,833
2018-04-15 06:00:00,834
2018-04-15 09:00:00,835
2018-04-15 12:00:00,836
2018-04-15 15:00:00,837
2018-04-15 18:00:00,838
2018-04-15 21:00:00,839
2018-04-16 00:00:00,840
2018-04-16 03:00:00,841
2018-04-16 06:00:00,842
2018-04-16 09:00:00,843
2018-04-16 12:00:00,844
2018-04-16 15:00:00,845
2018-04-16 18:00:00,846
2018-04-16 21:00:00,847
2018-04-17 00:00:00,848
2018-04-17 03:00:00,849
2018-04-17 06:00:00,850
2018-04-17 09:00:00,851
2018-04-17 12:00:00,852
2018-04-17 15:00:00,853
2018-04-17 18:00:00,854
2018-04-17 21:00:00,855
2018-04-18 00:00:00,856
2018-04-18 03:00:00,857
2018-04-18 06:00:00,858
2018-04-18 09:00:00,859
2018-04-18 12:00:00,860
2018-04-18 15:00:00,861
2018-04-18 18:00:00,862
2018-04-18 21:00:00,863
2018-04-19 00:00:00,864
2018-04-19 03:00:00,865
2018-04-19 06:00:00,866
2018-04-19 09:00:00,867
2018-04-19 12:00:00,868
2018-04-19 15:00:00,869
2018-04-19 18:00:00,870
2018-04-19 21:00:00,871
2018-04-20 00:00:00,872
2018-04-20 03:00:00,873
2018-04-20 06:00:00,874
2018-04-20 09:00:00,875
2018-04-20 12:00:00,876
2018-04-20 15:00:00,877
2018-04-20 18:00:00,878
2018-04-20 21:00:00,879
2018-04-21 00:00:00,880
2018-04-21 03:00:00,881
2018-04-21 06:00:00,882
2018-04-21 09:00:00,883
2018-04-21 12:00:00,884
2018-04-21 15:00:00,885
2018-04-21 18:00:00,886
2018-04-21 21:00:00,887
2018-04-22 00:00:00,888
2018-04-22 03:00:00,889
2018-04-22 06:00:00,890
2018-04-22 09:00:00,891
2018-04-22 12:00:00,892
2018-04-22 15:00:00,893
2018-04-22 18:00:00,894
2018-04-22 21:00:00,895
2018-04-23 00:00:00,896
2018-04-23 03:00:00,897
2018-04-23 06:00:00,898
2018-04-23 09:00:00,899
2018-04-23 12:00:00,900
2018-04-23 15:00:00,901
2018-04-23 18:00:00,902
2018-04-23 21:00:00,903
2018-04-24 00:00:00,904
2018-04-24 03:00:00,905
2018-04-24 06:00:00,906
2018-04-24 09:00:00,907
2018-04-24 12:00:00,908
2018-04-24 15:00:00,909
2018-04-24 18:00:00,910
2018-04-24 21:00:00,911
2018-04-25 00:00:00,912
2018-04-25 03:00:00,913
2018-04-25 06:00:00,914
2018-04-25 09:00:00,915
2018-04-25 12:00:00,916
2018-04-25 15:00:00,917
2018-04-25 18:00:00,918
2018-04-25 21:00:00,919
2018-04-26 00:00:00,920
2018-04-26 03:00:00,921
2018-04-26 06:00:00,922
2018-04-26 09:00:00,923
2018-04-26 12:00:00,924
2018-04-26 15:00:00,925
2018-04-26 18:00:00,926
2018-04-26 21:00:00,927
2018-04-27 00:00:00,928
2018-04-27 03:00:00,929
2018-04-27 06:00:00,930
2018-04-27 09:00:00,931
2018-04-27 12:00:00,932
2018-04-27 15:00:00,933
2018-04-27 18:00:00,934
2018-04-27 21:00:00,935
2018-04-28 00:00:00,936
2018-04-28 03:00:00,937
2018-04-28 06:00:00,938
2018-04-28 09:00:00,939
2018-04-28 12:00:00,940
2018-04-28 15:00:00,941
2018-04-28 18:00:00,942
2018-04-28 21:00:00,943
2018-04-29 00:00:00,944
2018-04-29 03:00:00,945
2018-04-29 06:00:00,946
2018-04-29 09:00:00,947
2018-04-29 12:00:00,948
2018-04-29 15:00:00,949
2018-04-29 18:00:00,950
2018-04-29 21:00:00,951
2018-04-30 00:00:00,952
2018-04-30 03:00:00,953
2018-04-30 06:00:00,954
2018-04-30 09:00:00,955
2018-04-30 12:00:00,956
2018-04-30 15:00:00,957
2018-04-30 18:00:00,958
2018-04-30 21:00:00,959
2018-05-01 00:00:00,960
2018-05-01 03:00:00,961
2018-05-01 06:00:00,962
2018-05-01 09:00:00,963
2018-05-01 12:00:00,964
2018-05-01 15:00:00,965
2018-05-01 18:00:00,966
2018-05-01 21:00:00,967
2018-05-02 00:00:00,968
2018-05-02 03:00:00,969
2018-05-02 06:00:00,970
2018-05-02 09:00:00,971
2018-05-02 12:00:00,972
2018-05-02 15:00:00,973
2018-05-02 18:00:00,974
2018-05-02 21:00:00,975
2018-05-03 00:00:00,976
2018-05-03 03:00:00,977
2018-05-03 06:00:00,978
2018-05-03 09:00:00,979
2018-05-03 12:00:00,980
2018-05-03 15:00:00,981
2018-05-03 18:00:00,982
2018-05-03 21:00:00,983
2018-05-04 00:00:00,984
2018-05-04 03:00:00,985
2018-05-04 06:00:00,986
2018-05-04 09:00:00,987
2018-05-04 12:00:00,988
2018-05-04 15:00:00,989
2018-05-04 18:00:00,990
2018-05-04 21:00:00,991
2018-05-05 00:00:00,992
2018-05-05 03:00:00,993
2018-05-05 06:00:00,994
2018-05-05 09:00:00,995
2018-05-05 12:00:00,996
2018-05-05 15:00:00,997
2018-05-05 18:00:00,998
2018-05-05 21:00:00,999
2018-05-06 00:00:00,1000
2018-05-06 03:00:00,1001
2018-05-06 06:00:00,1002
2018-05-06 09:00:00,1003
2018-05-06 12:00:00,1004
2018-05-06 15:00:00,1005
2018-05-06 18:00:00,1006
2018-05-06 21:00:00,1007
2018-05-07 00:00:00,1008
2018-05-07 03:00:00,1009
2018-05-07 06:00:00,1010
2018-05-07 09:00:00,1011
2018-05-07 12:00:00,1012
2018-05-07 15:00:00,1013
2018-05-07 18:00:00,1014
2018-05-07 21:00:00,1015
2018-05-08 00:00:00,1016
2018-05-08 03:00:00,1017
2018-05-08 06:00:00,1018
2018-05-08 09:00:00,1019
2018-05-08 12:00:00,1020
2018-05-08 15:00:00,1021
2018-05-08 18:00:00,1022
2018-05-08 21:00:00,1023
2018-05-09 00:00:00,1024
2018-05-09 03:00:00,1025
2018-05-09 06:00:00,1026
2018-05-09 09:00:00,1027
2018-05-09 12:00:00,1028
2018-05-09 15:00:00,1029
2018-05-09 18:00:00,1030
2018-05-09 21:00:00,1031
2018-05-10 00:00:00,1032
2018-05-10 03:00:00,1033
2018-05-10 06:00:00,1034
2018-05-10 09:00:00,1035
2018-05-10 12:00:00,1036
2018-05-10 15:00:00,1037
2018-05-10 18:00:00,1038
2018-05-10 21:00:00,1039
2018-05-11 00:00:00,1040
2018-05-11 03:00:00,1041
2018-05-11 06:00:00,1042
2018-05-11 09:00:00,1043
2018-05-11 12:00:00,1044
2018-05-11 15:00:00,1045
2018-05-11 18:00:00,1046
2018-05-11 21:00:00,1047
2018-05-12 00:00:00,1048
2018-05-12 03:00:00,1049
2018-05-12 06:00:00,1050
2018-05-12 09:00:00,1051
2018-05-12 12:00:00,1052
2018-05-12 15:00:00,1053
2018-05-12 18:00:00,1054
2018-05-12 21:00:00,1055
2018-05-13 00:00:00,1056
2018-05-13 03:00:00,1057
2018-05-13 06:00:00,1058
2018-05-13 09:00:00,1059
2018-05-13 12:00:00,1060
2018-05-13 15:00:00,1061
2018-05-13 18:00:00,1062
2018-05-13 21:00:00,1063
2018-05-14 00:00:00,1064
2018-05-14 03:00:00,1065
2018-05-14 06:00:00,1066
2018-05-14 09:00:00,1067
2018-05-14 12:00:00,1068
2018-05-14 15:00:00,1069
2018-05-14 18:00:00,1070
2018-05-14 21:00:00,1071
2018-05-15 00:00:00,1072
2018-05-15 03:00:00,1073
2018-05-15 06:00:00,1074
2018-05-15 09:00:00,1075
2018-05-15 12:00:00,1076
2018-05-15 15:00:00,1077
2018-05-15 18:00:00,1078
2018-05-15 21:00:00,1079
2018-05-16 00:00:00,1080
2018-05-16 03:00:00,1081
2018-05-16 06:00:00,1082
2018-05-16 09:00:00,1083
2018-05-16 12:00:00,1084
2018-05-16 15:00:00,1085
2018-05-16 18:00:00,1086
2018-05-16 21:00:00,1087
2018-05-17 00:00:00,1088
2018-05-17 03:00:00,1089
2018-05-17 06:00:00,1090
2018-05-17 09:00:00,1091
2018-05-17 12:00:00,1092
2018-05-17 15:00:00,1093
2018-05-17 18:00:00,1094
2018-05-17 21:00:00,1095
2018-05-18 00:00:00,1096
2018-05-18 03:00:00,1097
2018-05-18 06:00:00,1098
2018-05-18 09:00:00,1099
2018-05-18 12:00:00,1100
2018-05-18 15:00:00,1101
2018-05-18 18:00:00,1102
2018-05-18 21:00:00,1103
2018-05-19 00:00:00,1104
2018-05-19 03:00:00,1105
2018-05-19 06:00:00,1106
2018-05-19 09:00:00,1107
2018-05-19 12:00:00,1108
2018-05-19 15:00:00,1109
2018-05-19 18:00:00,1110
2018-05-19 21:00:00,1111
2018-05-20 00:00:00,1112
2018-05-20 03:00:00,1113
2018-05-20 06:00:00,1114
2018-05-20 09:00:00,1115
2018-05-20 12:00:00,1116
2018-05-20 15:00:00,1117
2018-05-20 18:00:00,1118
2018-05-20 21:00:00,1119
2018-05-21 00:00:00,1120
2018-05-21 03:00:00,1121
2018-05-21 06:00:00,1122
2018-05-21 09:00:00,1123
2018-05-21 12:00:00,1124
2018-05-21 15:00:00,1125
2018-05-21 18:00:00,1126
2018-05-21 21:00:00,1127
2018-05-22 00:00:00,1128
2018-05-22 03:00:00,1129
2018-05-22 06:00:00,1130
2018-05-22 09:00:00,1131
2018-05-22 12:00:00,1132
2018-05-22 15:00:00,1133
2018-05-22 18:00:00,1134
2018-05-22 21:00:00,1135
2018-05-23 00:00:00,1136
2018-05-23 03:00:00,1137
2018-05-23 06:00:00,1138
2018-05-23 09:00:00,1139
2018-05-23 12:00:00,1140
2018-05-23 15:00:00,1141
2018-05-23 18:00:00,1142
2018-05-23 21:00:00,1143
2018-05-24 00:00:00,1144
2018-05-24 03:00:00,1145
2018-05-24 06:00:00,1146
2018-05-24 09:00:00,1147
2018-05-24 12:00:00,1148
2018-05-24 15:00:00,1149
2018-05-24 18:00:00,1150
2018-05-24 21:00:00,1151
2018-05-25 00:00:00,1152
2018-05-25 03:00:00,1153
2018-05-25 06:00:00,1154
2018-05-25 09:00:00,1155
2018-05-25 12:00:00,1156
2018-05-25 15:00:00,1157
2018-05-25 18:00:00,1158
2018-05-25 21:00:00,1159
2018-05-26 00:00:00,1160
2018-05-26 03:00:00,1161
2018-05-26 06:00:00,1162
2018-05-26 09:00:00,1163
2018-05-26 12:00:00,1164
2018-05-26 15:00:00,1165
2018-05-26 18:00:00,1166
2018-05-26 21:00:00,1167
2018-05-27 00:00:00,1168
2018-05-27 03:00:00,1169
2018-05-27 06:00:00,1170
2018-05-27 09:00:00,1171
2018-05-27 12:00:00,1172
2018-05-27 15:00:00,1173
2018-05-27 18:00:00,1174
2018-05-27 21:00:00,1175
2018-05-28 00:00:00,1176
2018-05-28 03:00:00,1177
2018-05-28 06:00:00,1178
2018-05-28 09:00:00,1179
2018-05-28 12:00:00,1180
2018-05-28 15:00:00,1181
2018-05-28 18:00:00,1182
2018-05-28 21:00:00,1183
2018-05-29 00:00:00,1184
2018-05-29 03:00:00,1185
2018-05-29 06:00:00,1186
2018-05-29 09:00:00,1187
2018-05-29 12:00:00,1188
2018-05-29 15:00:00,1189
2018-05-29 18:00:00,1190
2018-05-29 21:00:00,1191
2018-05-30 00:00:00,1192
2018-05-30 03:00:00,1193
2018-05-30 06:00:00,1194
2018-05-30 09:00:00,1195
2018-05-30 12:00:00,1196
2018-05-30 15:00:00,1197
2018-05-30 18:00:00,1198
2018-05-30 21:00:00,1199
2018-05-31 00:00:00,1200
2018-05-31 03:00:00,1201
2018-05-31 06:00:00,1202
2018-05-31 09:00:00,1203
2018-05-31 12:00:00,1204
2018-05-31 15:00:00,1205
2018-05-31 18:00:00,1206
2018-05-31 21:00:00,1207
2018-06-01 00:00:00,1208
2018-06-01 03:00:00,1209
2018-06-01 06:00:00,1210
2018-06-01 09:00:00,1211
2018-06-01 12:00:00,1212
2018-06-01 15:00:00,1213
2018-06-01 18:00:00,1214
2018-06-01 21:00:00,1215
2018-06-02 00:00:00,1216
2018-06-02 03:00:00,1217
2018-06-02 06:00:00,1218
2018-06-02 09:00:00,1219
2018-06-02 12:00:00,1220
2018-06-02 15:00:00,1221
2018-06-02 18:00:00,1222
2018-06-02 21:00:00,1223
2018-06-03 00:00:00,1224
2018-06-03 03:00:00,1225
2018-06-03 06:00:00,1226
2018-06-03 09:00:00,1227
2018-06-03 12:00:00,1228
2018-06-03 15:00:00,1229
2018-06-03 18:00:00,1230
2018-06-03 21:00:00,1231
2018-06-04 00:00:00,1232
2018-06-04 03:00:00,1233
2018-06-04 06:00:00,1234
2018-06-04 09:00:00,1235
2018-06-04 12:00:00,1236
2018-06-04 15:00:00,1237
2018-06-04 18:00:00,1238
2018-06-04 21:00:00,1239
2018-06-05 00:00:00,1240
2018-06-05 03:00:00,1241
2018-06-05 06:00:00,1242
2018-06-05 09:00:00,1243
2018-06-05 12:00:00,1244
2018-06-05 15:00:00,1245
2018-06-05 18:00:00,1246
2018-06-05 21:00:00,1247
2018-06-06 00:00:00,1248
2018-06-06 03:00:00,1249
2018-06-06 06:00:00,1250
2018-06-06 09:00:00,1251
2018-06-06 12:00:00,1252
2018-06-06 15:00:00,1253
2018-06-06 18:00:00,1254
2018-06-06 21:00:00,1255
2018-06-07 00:00:00,1256
2018-06-07 03:00:00,1257
2018-06-07 06:00:00,1258
2018-06-07 09:00:00,1259
2018-06-07 12:00:00,1260
2018-06-07 15:00:00,1261
2018-06-07 18:00:00,1262
2018-06-07 21:00:00,1263
2018-06-08 00:00:00,1264
2018-06-08 03:00:00,1265
2018-06-08 06:00:00,1266
2018-06-08 09:00:00,1267
2018-06-08 12:00:00,1268
2018-06-08 15:00:00,1269
2018-06-08 18:00:00,1270
2018-06-08 21:00:00,1271
2018-06-09 00:00:00,1272
2018-06-09 03:00:00,1273
2018-06-09 06:00:00,1274
2018-06-09 09:00:00,1275
2018-06-09 12:00:00,1276
2018-06-09 15:00:00,1277
2018-06-09 18:00:00,1278
2018-06-09 21:00:00,1279
2018-06-10 00:00:00,1280
2018-06-10 03:00:00,1281
2018-06-10 06:00:00,1282
2018-06-10 09:00:00,1283
2018-06-10 12:00:00,1284
2018-06-10 15:00:00,1285
2018-06-10 18:00:00,1286
2018-06-10 21:00:00,1287
2018-06-11 00:00:00,1288
2018-06-11 03:00:00,1289
2018-06-11 06:00:00,1290
2018-06-11 09:00:00,1291
2018-06-11 12:00:00,1292
2018-06-11 15:00:00,1293
2018-06-11 18:00:00,1294
2018-06-11 21:00:00,1295
2018-06-12 00:00:00,1296
2018-06-12 03:00:00,1297
2018-06-12 06:00:00,1298
2018-06-12 09:00:00,1299
2018-06-12 12:00:00,1300
2018-06-12 15:00:00,1301
2018-06-12 18:00:00,1302
2018-06-12 21:00:00,1303
2018-06-13 00:00:00,1304
2018-06-13 03:00:00,1305
2018-06-13 06:00:00,1306
2018-06-13 09:00:00,1307
2018-06-13 12:00:00,1308
2018-06-13 15:00:00,1309
2018-06-13 18:00:00,1310
2018-06-13 21:00:00,1311
2018-06-14 00:00:00,1312
2018-06-14 03:00:00,1313
2018-06-14 06:00:00,1314
2018-06-14 09:00:00,1315
2018-06-14 12:00:00,1316
2018-06-14 15:00:00,1317
2018-06-14 18:00:00,1318
2018-06-14 21:00:00,1319
2018-06-15 00:00:00,1320
2018-06-15 03:00:00,1321
2018-06-15 06:00:00,1322
2018-06-15 09:00:00,1323
2018-06-15 12:00:00,1324
2018-06-15 15:00:00,1325
2018-06-15 18:00:00,1326
2018-06-15 21:00:00,1327
2018-06-16 00:00:00,1328
2018-06-16 03:00:00,1329
2018-06-16 06:00:00,1330
2018-06-16 09:00:00,1331
2018-06-16 12:00:00,1332
2018-06-16 15:00:00,1333
2018-06-16 18:00:00,1334
2018-06-16 21:00:00,1335
2018-06-17 00:00:00,1336
2018-06-17 03:00:00,1337
2018-06-17 06:00:00,1338
2018-06-17 09:00:00,1339
2018-06-17 12:00:00,1340
2018-06-17 15:00:00,1341
2018-06-17 18:00:00,1342
2018-06-17 21:00:00,1343
2018-06-18 00:00:00,1344
2018-06-18 03:00:00,1345
2018-06-18 06:00:00,1346
2018-06-18 09:00:00,1347
2018-06-18 12:00:00,1348
2018-06-18 15:00:00,1349
2018-06-18 18:00:00,1350
2018-06-18 21:00:00,1351
2018-06-19 00:00:00,1352
2018-06-19 03:00:00,1353
2018-06-19 06:00:00,1354
2018-06-19 09:00:00,1355
2018-06-19 12:00:00,1356
2018-06-19 15:00:00,1357
2018-06-19 18:00:00,1358
2018-06-19 21:00:00,1359
2018-06-20 00:00:00,1360
2018-06-20 03:00:00,1361
2018-06-20 06:00:00,1362
2018-06-20 09:00:00,1363
2018-06-20 12:00:00,1364
2018-06-20 15:00:00,1365
2018-06-20 18:00:00,1366
2018-06-20 21:00:00,1367
2018-06-21 00:00:00,1368
2018-06-21 03:00:00,1369
2018-06-21 06:00:00,1370
2018-06-21 09:00:00,1371
2018-06-21 12:00:00,1372
2018-06-21 15:00:00,1373
2018-06-21 18:00:00,1374
2018-06-21 21:00:00,1375
2018-06-22 00:00:00,1376
2018-06-22 03:00:00,1377
2018-06-22 06:00:00,1378
2018-06-22 09:00:00,1379
2018-06-22 12:00:00,1380
2018-06-22 15:00:00,1381
2018-06-22 18:00:00,1382
2018-06-22 21:00:00,1383
2018-06-23 00:00:00,1384
2018-06-23 03:00:00,1385
2018-06-23 06:00:00,1386
2018-06-23 09:00:00,1387
2018-06-23 12:00:00,1388
2018-06-23 15:00:00,1389
2018-06-23 18:00:00,1390
2018-06-23 21:00:00,1391
2018-06-24 00:00:00,1392
2018-06-24 03:00:00,1393
2018-06-24 06:00:00,1394
2018-06-24 09:00:00,1395
2018-06-24 12:00:00,1396
2018-06-24 15:00:00,1397
2018-06-24 18:00:00,1398
2018-06-24 21:00:00,1399
2018-06-25 00:00:00,1400
2018-06-25 03:00:00,1401
2018-06-25 06:00:00,1402
2018-06-25 09:00:00,1403
2018-06-25 12:00:00,1404
2018-06-25 15:00:00,1405
2018-06-25 18:00:00,1406
2018-06-25 21:00:00,1407
2018-06-26 00:00:00,1408
2018-06-26 03:00:00,1409
2018-06-26 06:00:00,1410
2018-06-26 09:00:00,1411
2018-06-26 12:00:00,1412
2018-06-26 15:00:00,1413
2018-06-26 18:00:00,1414
2018-06-26 21:00:00,1415
2018-06-27 00:00:00,1416
2018-06-27 03:00:00,1417
2018-06-27 06:00:00,1418
2018-06-27 09:00:00,1419
2018-06-27 12:00:00,1420
2018-06-27 15:00:00,1421
2018-06-27 18:00:00,1422
2018-06-27 21:00:00,1423
2018-06-28 00:00:00,1424
2018-06-28 03:00:00,1425
2018-06-28 06:00:00,1426
2018-06-28 09:00:00,1427
2018-06-28 12:00:00,1428
2018-06-28 15:00:00,1429
2018-06-28 18:00:00,1430
2018-06-28 21:00:00,1431
2018-06-29 00:00:00,1432
2018-06-29 03:00:00,1433
2018-06-29 06:00:00,1434
2018-06-29 09:00:00,1435
2018-06-29 12:00:00,1436
2018-06-29 15:00:00,1437
2018-06-29 18:00:00,1438
2018-06-29 21:00:00,1439
2018-06-30 00:00:00,1440
2018-06-30 03:00:00,1441
2018-06-30 06:00:00,1442
2018-06-30 09:00:00,1443
2018-06-30 12:00:00,1444
2018-06-30 15:00:00,1445
2018-06-30 18:00:00,1446
2018-06-30 21:00:00,1447
2018-07-01 00:00:00,1448
2018-07-01 03:00:00,1449
2018-07-01 06:00:00,1450
2018-07-01 09:00:00,1451
2018-07-01 12:00:00,1452
2018-07-01 15:00:00,1453
2018-07-01 18:00:00,1454
2018-07-01 21:00:00,1455
2018-07-02 00:00:00,1456
2018-07-02 03:00:00,1457
2018-07-02 06:00:00,1458
2018-07-02 09:00:00,1459
2018-07-02 12:00:00,1460
2018-07-02 15:00:00,1461
2018-07-02 18:00:00,1462
2018-07-02 21:00:00,1463
2018-07-03 00:00:00,1464
2018-07-03 03:00:00,1465
2018-07-03 06:00:00,1466
2018-07-03 09:00:00,1467
2018-07-03 12:00:00,1468
2018-07-03 15:00:00,1469
2018-07-03 18:00:00,1470
2018-07-03 21:00:00,1471
2018-07-04 00:00:00,1472
2018-07-04 03:00:00,1473
2018-07-04 06:00:00,1474
2018-07-04 09:00:00,1475
2018-07-04 12:00:00,1476
2018-07-04 15:00:00,1477
2018-07-04 18:00:00,1478
2018-07-04 21:00:00,1479
2018-07-05 00:00:00,1480
2018-07-05 03:00:00,1481
2018-07-05 06:00:00,1482
2018-07-05 09:00:00,1483
2018-07-05 12:00:00,1484
2018-07-05 15:00:00,1485
2018-07-05 18:00:00,1486
2018-07-05 21:00:00,1487
2018-07-06 00:00:00,1488
2018-07-06 03:00:00,1489
2018-07-06 06:00:00,1490
2018-07-06 09:00:00,1491
2018-07-06 12:00:00,1492
2018-07-06 15:00:00,1493
2018-07-06 18:00:00,1494
2018-07-06 21:00:00,1495
2018-07-07 00:00:00,1496
2018-07-07 03:00:00,1497
2018-07-07 06:00:00,1498
2018-07-07 09:00:00,1499
2018-07-07 12:00:00,1500
2018-07-07 15:00:00,1501
2018-07-07 18:00:00,1502
2018-07-07 21:00:00,1503
2018-07-08 00:00:00,1504
2018-07-08 03:00:00,1505
2018-07-08 06:00:00,1506
2018-07-08 09:00:00,1507
2018-07-08 12:00:00,1508
2018-07-08 15:00:00,1509
2018-07-08 18:00:00,1510
2018-07-08 21:00:00,1511
2018-07-09 00:00:00,1512
2018-07-09 03:00:00,1513
2018-07-09 06:00:00,1514
2018-07-09 09:00:00,1515
2018-07-09 12:00:00,1516
2018-07-09 15:00:00,1517
2018-07-09 18:00:00,1518
2018-07-09 21:00:00,1519
2018-07-10 00:00:00,1520
2018-07-10 03:00:00,1521
2018-07-10 06:00:00,1522
2018-07-10 09:00:00,1523
2018-07-10 12:00:00,1524
2018-07-10 15:00:00,1525
2018-07-10 18:00:00,1526
2018-07-10 21:00:00,1527
2018-07-11 00:00:00,1528
2018-07-11 03:00:00,1529
2018-07-11 06:00:00,1530
2018-07-11 09:00:00,1531
2018-07-11 12:00:00,1532
2018-07-11 15:00:00,1533
2018-07-11 18:00:00,1534
2018-07-11 21:00:00,1535
2018-07-12 00:00:00,1536
2018-07-12 03:00:00,1537
2018-07-12 06:00:00,1538
2018-07-12 09:00:00,1539
2018-07-12 12:00:00,1540
2018-07-12 15:00:00,1541
2018-07-12 18:00:00,1542
2018-07-12 21:00:00,1543
2018-07-13 00:00:00,1544
2018-07-13 03:00:00,1545
2018-07-13 06:00:00,1546
2018-07-13 09:00:00,1547
2018-07-13 12:00:00,1548
2018-07-13 15:00:00,1549
2018-07-13 18:00:00,1550
2018-07-13 21:00:00,1551
2018-07-14 00:00:00,1552
2018-07-14 03:00:00,1553
2018-07-14 06:00:00,1554
2018-07-14 09:00:00,1555
2018-07-14 12:00:00,1556
2018-07-14 15:00:00,1557
2018-07-14 18:00:00,1558
2018-07-14 21:00:00,1559
2018-07-15 00:00:00,1560
2018-07-15 03:00:00,1561
2018-07-15 06:00:00,1562
2018-07-15 09:00:00,1563
2018-07-15 12:00:00,1564
2018-07-15 15:00:00,1565
2018-07-15 18:00:00,1566
2018-07-15 21:00:00,1567
2018-07-16 00:00:00,1568
2018-07-16 03:00:00,1569
2018-07-16 06:00:00,1570
2018-07-16 09:00:00,1571
2018-07-16 12:00:00,1572
2018-07-16 15:00:00,1573
2018-07-16 18:00:00,1574
2018-07-16 21:00:00,1575
2018-07-17 00:00:00,1576
2018-07-17 03:00:00,1577
2018-07-17 06:00:00,1578
2018-07-17 09:00:00,1579
2018-07-17 12:00:00,1580
2018-07-17 15:00:00,1581
2018-07-17 18:00:00,1582
2018-07-17 21:00:00,1583
2018-07-18 00:00:00,1584
2018-07-18 03:00:00,1585
2018-07-18 06:00:00,1586
2018-07-18 09:00:00,1587
2018-07-18 12:00:00,1588
2018-07-18 15:00:00,1589
2018-07-18 18:00:00,1590
2018-07-18 21:00:00,1591
2018-07-19 00:00:00,1592
2018-07-19 03:00:00,1593
2018-07-19 06:00:00,1594
2018-07-19 09:00:00,1595
2018-07-19 12:00:00,1596
2018-07-19 15:00:00,1597
2018-07-19 18:00:00,1598
2018-07-19 21:00:00,1599
2018-07-20 00:00:00,1600
2018-07-20 03:00:00,1601
2018-07-20 06:00:00,1602
2018-07-20 09:00:00,1603
2018-07-20 12:00:00,1604
2018-07-20 15:00:00,1605
2018-07-20 18:00:00,1606
2018-07-20 21:00:00,1607
2018-07-21 00:00:00,1608
2018-07-21 03:00:00,1609
2018-07-21 06:00:00,1610
2018-07-21 09:00:00,1611
2018-07-21 12:00:00,1612
2018-07-21 15:00:00,1613
2018-07-21 18:00:00,1614
2018-07-21 21:00:00,1615
2018-07-22 00:00:00,1616
2018-07-22 03:00:00,1617
2018-07-22 06:00:00,1618
2018-07-22 09:00:00,1619
2018-07-22 12:00:00,1620
2018-07-22 15:00:00,1621
2018-07-22 18:00:00,1622
2018-07-22 21:00:00,1623
2018-07-23 00:00:00,1624
2018-07-23 03:00:00,1625
2018-07-23 06:00:00,1626
2018-07-23 09:00:00,1627
2018-07-23 12:00:00,1628
2018-07-23 15:00:00,1629
2018-07-23 18:00:00,1630
2018-07-23 21:00:00,1631
2018-07-24 00:00:00,1632
2018-07-24 03:00:00,1633
2018-07-24 06:00:00,1634
2018-07-24 09:00:00,1635
2018-07-24 12:00:00,1636
2018-07-24 15:00:00,1637
2018-07-24 18:00:00,1638
2018-07-24 21:00:00,1639
2018-07-25 00:00:00,1640
2018-07-25 03:00:00,1641
2018-07-25 06:00:00,1642
2018-07-25 09:00:00,1643
2018-07-25 12:00:00,1644
2018-07-25 15:00:00,1645
2018-07-25 18:00:00,1646
2018-07-25 21:00:00,1647
2018-07-26 00:00:00,1648
2018-07-26 03:00:00,1649
2018-07-26 06:00:00,1650
2018-07-26 09:00:00,1651
2018-07-26 12:00:00,1652
2018-07-26 15:00:00,1653
2018-07-26 18:00:00,1654
2018-07-26 21:00:00,1655
2018-07-27 00:00:00,1656
2018-07-27 03:00:00,1657
2018-07-27 06:00:00,1658
2018-07-27 09:00:00,1659
2018-07-27 12:00:00,1660
2018-07-27 15:00:00,1661
2018-07-27 18:00:00,1662
2018-07-27 21:00:00,1663
2018-07-28 00:00:00,1664
2018-07-28 03:00:00,1665
2018-07-28 06:00:00,1666
2018-07-28 09:00:00,1667
2018-07-28 12:00:00,1668
2018-07-28 15:00:00,1669
2018-07-28 18:00:00,1670
2018-07-28 21:00:00,1671
2018-07-29 00:00:00,1672
2018-07-29 03:00:00,1673
2018-07-29 06:00:00,1674
2018-07-29 09:00:00,1675
2018-07-29 12:00:00,1676
2018-07-29 15:00:00,1677
2018-07-29 18:00:00,1678
2018-07-29 21:00:00,1679
2018-07-30 00:00:00,1680
2018-07-30 03:00:00,1681
2018-07-30 06:00:00,1682
2018-07-30 09:00:00,1683
2018-07-30 12:00:00,1684
2018-07-30 15:00:00,1685
2018-07-30 18:00:00,1686
2018-07-30 21:00:00,1687
2018-07-31 00:00:00,1688
2018-07-31 03:00:00,1689
2018-07-31 06:00:00,1690
2018-07-31 09:00:00,1691
2018-07-31 12:00:00,1692
2018-07-31 15:00:00,1693
2018-07-31 18:00:00,1694
2018-07-31 21:00:00,1695
2018-08-01 00:00:00,1696
2018-08-01 03:00:00,1697
2018-08-01 06:00:00,1698
2018-08-01 09:00:00,1699
2018-08-01 12:00:00,1700
2018-08-01 15:00:00,1701
2018-08-01 18:00:00,1702
2018-08-01 21:00:00,1703
2018-08-02 00:00:00,1704
2018-08-02 03:00:00,1705
2018-08-02 06:00:00,1706
2018-08-02 09:00:00,1707
2018-08-02 12:00:00,1708
2018-08-02 15:00:00,1709
2018-08-02 18:00:00,1710
2018-08-02 21:00:00,1711
2018-08-03 00:00:00,1712
2018-08-03 03:00:00,1713
2018-08-03 06:00:00,1714
2018-08-03 09:00:00,1715
2018-08-03 12:00:00,1716
2018-08-03 15:00:00,1717
2018-08-03 18:00:00,1718
2018-08-03 21:00:00,1719
2018-08-04 00:00:00,1720
2018-08-04 03:00:00,1721
2018-08-04 06:00:00,1722
2018-08-04 09:00:00,1723
2018-08-04 12:00:00,1724
2018-08-04 15:00:00,1725
2018-08-04 18:00:00,1726
2018-08-04 21:00:00,1727
2018-08-05 00:00:00,1728
2018-08-05 03:00:00,1729
2018-08-05 06:00:00,1730
2018-08-05 09:00:00,1731
2018-08-05 12:00:00,1732
2018-08-05 15:00:00,1733
2018-08-05 18:00:00,1734
2018-08-05 21:00:00,1735
2018-08-06 00:00:00,1736
2018-08-06 03:00:00,1737
2018-08-06 06:00:00,1738
2018-08-06 09:00:00,1739
2018-08-06 12:00:00,1740
2018-08-06 15:00:00,1741
2018-08-06 18:00:00,1742
2018-08-06 21:00:00,1743
2018-08-07 00:00:00,1744
2018-08-07 03:00:00,1745
2018-08-07 06:00:00,1746
2018-08-07 09:00:00,1747
2018-08-07 12:00:00,1748
2018-08-07 15:00:00,1749
2018-08-07 18:00:00,1750
2018-08-07 21:00:00,1751
2018-08-08 00:00:00,1752
2018-08-08 03:00:00,1753
2018-08-08 06:00:00,1754
2018-08-08 09:00:00,1755
2018-08-08 12:00:00,1756
2018-08-08 15:00:00,1757
2018-08-08 18:00:00,1758
2018-08-08 21:00:00,1759
2018-08-09 00:00:00,1760
2018-08-09 03:00:00,1761
2018-08-09 06:00:00,1762
2018-08-09 09:00:00,1763
2018-08-09 12:00:00,1764
2018-08-09 15:00:00,1765
2018-08-09 18:00:00,1766
2018-08-09 21:00:00,1767
2018-08-10 00:00:00,1768
2018-08-10 03:00:00,1769
2018-08-10 06:00:00,1770
2018-08-10 09:00:00,1771
2018-08-10 12:00:00,1772
2018-08-10 15:00:00,1773
2018-08-10 18:00:00,1774
2018-08-10 21:00:00,1775
2018-08-11 00:00:00,1776
2018-08-11 03:00:00,1777
2018-08-11 06:00:00,1778
2018-08-11 09:00:00,1779
2018-08-11 12:00:00,1780
2018-08-11 15:00:00,1781
2018-08-11 18:00:00,1782
2018-08-11 21:00:00,1783
2018-08-12 00:00:00,1784
2018-08-12 03:00:00,1785
2018-08-12 06:00:00,1786
2018-08-12 09:00:00,1787
2018-08-12 12:00:00,1788
2018-08-12 15:00:00,1789
2018-08-12 18:00:00,1790
2018-08-12 21:00:00,1791
2018-08-13 00:00:00,1792
2018-08-13 03:00:00,1793
2018-08-13 06:00:00,1794
2018-08-13 09:00:00,1795
2018-08-13 12:00:00,1796
2018-08-13 15:00:00,1797
2018-08-13 18:00:00,1798
2018-08-13 21:00:00,1799
2018-08-14 00:00:00,1800
2018-08-14 03:00:00,1801
2018-08-14 06:00:00,1802
2018-08-14 09:00:00,1803
2018-08-14 12:00:00,1804
2018-08-14 15:00:00,1805
2018-08-14 18:00:00,1806
2018-08-14 21:00:00,1807
2018-08-15 00:00:00,1808
2018-08-15 03:00:00,1809
2018-08-15 06:00:00,1810
2018-08-15 09:00:00,1811
2018-08-15 12:00:00,1812
2018-08-15 15:00:00,1813
2018-08-15 18:00:00,1814
2018-08-15 21:00:00,1815
2018-08-16 00:00:00,1816
2018-08-16 03:00:00,1817
2018-08-16 06:00:00,1818
2018-08-16 09:00:00,1819
2018-08-16 12:00:00,1820
2018-08-16 15:00:00,1821
2018-08-16 18:00:00,1822
2018-08-16 21:00:00,1823
2018-08-17 00:00:00,1824
2018-08-17 03:00:00,1825
2018-08-17 06:00:00,1826
2018-08-17 09:00:00,1827
2018-08-17 12:00:00,1828
2018-08-17 15:00:00,1829
2018-08-17 18:00:00,1830
2018-08-17 21:00:00,1831
2018-08-18 00:00:00,1832
2018-08-18 03:00:00,1833
2018-08-18 06:00:00,1834
2018-08-18 09:00:00,1835
2018-08-18 12:00:00,1836
2018-08-18 15:00:00,1837
2018-08-18 18:00:00,1838
2018-08-18 21:00:00,1839
2018-08-19 00:00:00,1840
2018-08-19 03:00:00,1841
2018-08-19 06:00:00,1842
2018-08-19 09:00:00,1843
2018-08-19 12:00:00,1844
2018-08-19 15:00:00,1845
2018-08-19 18:00:00,1846
2018-08-19 21:00:00,1847
2018-08-20 00:00:00,1848
2018-08-20 03:00:00,1849
2018-08-20 06:00:00,1850
2018-08-20 09:00:00,1851
2018-08-20 12:00:00,1852
2018-08-20 15:00:00,1853
2018-08-20 18:00:00,1854
2018-08-20 21:00:00,1855
2018-08-21 00:00:00,1856
2018-08-21 03:00:00,1857
2018-08-21 06:00:00,1858
2018-08-21 09:00:00,1859
2018-08-21 12:00:00,1860
2018-08-21 15:00:00,1861
2018-08-21 18:00:00,1862
2018-08-21 21:00:00,1863
2018-08-22 00:00:00,1864
2018-08-22 03:00:00,1865
2018-08-22 06:00:00,1866
2018-08-22 09:00:00,1867
2018-08-22 12:00:00,1868
2018-08-22 15:00:00,1869
2018-08-22 18:00:00,1870
2018-08-22 21:00:00,1871
2018-08-23 00:00:00,1872
2018-08-23 03:00:00,1873
2018-08-23 06:00:00,1874
2018-08-23 09:00:00,1875
2018-08-23 12:00:00,1876
2018-08-23 15:00:00,1877
2018-08-23 18:00:00,1878
2018-08-23 21:00:00,1879
2018-08-24 00:00:00,1880
2018-08-24 03:00:00,1881
2018-08-24 06:00:00,1882
2018-08-24 09:00:00,1883
2018-08-24 12:00:00,1884
2018-08-24 15:00:00,1885
2018-08-24 18:00:00,1886
2018-08-24 21:00:00,1887
2018-08-25 00:00:00,1888
2018-08-25 03:00:00,1889
2018-08-25 06:00:00,1890
2018-08-25 09:00:00,1891
2018-08-25 12:00:00,1892
2018-08-25 15:00:00,1893
2018-08-25 18:00:00,1894
2018-08-25 21:00:00,1895
2018-08-26 00:00:00,1896
2018-08-26 03:00:00,1897
2018-08-26 06:00:00,1898
2018-08-26 09:00:00,1899
2018-08-26 12:00:00,1900
2018-08-26 15:00:00,1901
2018-08-26 18:00:00,1902
2018-08-26 21:00:00,1903
2018-08-27 00:00:00,1904
2018-08-27 03:00:00,1905
2018-08-27 06:00:00,1906
2018-08-27 09:00:00,1907
2018-08-27 12:00:00,1908
2018-08-27 15:00:00,1909
2018-08-27 18:00:00,1910
2018-08-27 21:00:00,1911
2018-08-28 00:00:00,1912
2018-08-28 03:00:00,1913
2018-08-28 06:00:00,1914
2018-08-28 09:00:00,1915
2018-08-28 12:00:00,1916
2018-08-28 15:00:00,1917
2018-08-28 18:00:00,1918
2018-08-28 21:00:00,1919
2018-08-29 00:00:00,1920
2018-08-29 03:00:00,1921
2018-08-29 06:00:00,1922
2018-08-29 09:00:00,1923
2018-08-29 12:00:00,1924
2018-08-29 15:00:00,1925
2018-08-29 18:00:00,1926
2018-08-29 21:00:00,1927
2018-08-30 00:00:00,1928
2018-08-30 03:00:00,1929
2018-08-30 06:00:00,1930
2018-08-30 09:00:00,1931
2018-08-30 12:00:00,1932
2018-08-30 15:00:00,1933
2018-08-30 18:00:00,1934
2018-08-30 21:00:00,1935
2018-08-31 00:00:00,1936
2018-08-31 03:00:00,1937
2018-08-31 06:00:00,1938
2018-08-31 09:00:00,1939
2018-08-31 12:00:00,1940
2018-08-31 15:00:00,1941
2018-08-31 18:00:00,1942
2018-08-31 21:00:00,1943
2018-09-01 00:00:00,1944
2018-09-01 03:00:00,1945
2018-09-01 06:00:00,1946
2018-09-01 09:00:00,1947
2018-09-01 12:00:00,1948
2018-09-01 15:00:00,1949
2018-09-01 18:00:00,1950
2018-09-01 21:00:00,1951
2018-09-02 00:00:00,1952
2018-09-02 03:00:00,1953
2018-09-02 06:00:00,1954
2018-09-02 09:00:00,1955
2018-09-02 12:00:00,1956
2018-09-02 15:00:00,1957
2018-09-02 18:00:00,1958
2018-09-02 21:00:00,1959
2018-09-03 00:00:00,1960
2018-09-03 03:00:00,1961
2018-09-03 06:00:00,1962
2018-09-03 09:00:00,1963
2018-09-03 12:00:00,1964
2018-09-03 15:00:00,1965
2018-09-03 18:00:00,1966
2018-09-03 21:00:00,1967
2018-09-04 00:00:00,1968
2018-09-04 03:00:00,1969
2018-09-04 06:00:00,1970
2018-09-04 09:00:00,1971
2018-09-04 12:00:00,1972
2018-09-04 15:00:00,1973
2018-09-04 18:00:00,1974
2018-09-04 21:00:00,1975
2018-09-05 00:00:00,1976
2018-09-05 03:00:00,1977
2018-09-05 06:00:00,1978
2018-09-05 09:00:00,1979
2018-09-05 12:00:00,1980
2018-09-05 15:00:00,1981
2018-09-05 18:00:00,1982
2018-09-05 21:00:00,1983
2018-09-06 00:00:00,1984
2018-09-06 03:00:00,1985
2018-09-06 06:00:00,1986
2018-09-06 09:00:00,1987
2018-09-06 12:00:00,1988
2018-09-06 15:00:00,1989
2018-09-06 18:00:00,1990
2018-09-06 21:00:00,1991
2018-09-07 00:00:00,1992
2018-09-07 03:00:00,1993
2018-09-07 06:00:00,1994
2018-09-07 09:00:00,1995
2018-09-07 12:00:00,1996
2018-09-07 15:00:00,1997
2018-09-07 18:00:00,1998
2018-09-07 21:00:00,1999
2018-09-08 00:00:00,2000
2018-09-08 03:00:00,2001
2018-09-08 06:00:00,2002
2018-09-08 09:00:00,2003
2018-09-08 12:00:00,2004
2018-09-08 15:00:00,2005
2018-09-08 18:00:00,2006
2018-09-08 21:00:00,2007
2018-09-09 00:00:00,2008
2018-09-09 03:00:00,2009
2018-09-09 06:00:00,2010
2018-09-09 09:00:00,2011
2018-09-09 12:00:00,2012
2018-09-09 15:00:00,2013
2018-09-09 18:00:00,2014
2018-09-09 21:00:00,2015
2018-09-10 00:00:00,2016
2018-09-10 03:00:00,2017
2018-09-10 06:00:00,2018
2018-09-10 09:00:00,2019
2018-09-10 12:00:00,2020
2018-09-10 15:00:00,2021
2018-09-10 18:00:00,2022
2018-09-10 21:00:00,2023
2018-09-11 00:00:00,2024
2018-09-11 03:00:00,2025
2018-09-11 06:00:00,2026
2018-09-11 09:00:00,2027
2018-09-11 12:00:00,2028
2018-09-11 15:00:00,2029
2018-09-11 18:00:00,2030
2018-09-11 21:00:00,2031
2018-09-12 00:00:00,2032
2018-09-12 03:00:00,2033
2018-09-12 06:00:00,2034
2018-09-12 09:00:00,2035
2018-09-12 12:00:00,2036
2018-09-12 15:00:00,2037
2018-09-12 18:00:00,2038
2018-09-12 21:00:00,2039
2018-09-13 00:00:00,2040
2018-09-13 03:00:00,2041
2018-09-13 06:00:00,2042
2018-09-13 09:00:00,2043
2018-09-13 12:00:00,2044
2018-09-13 15:00:00,2045
2018-09-13 18:00:00,2046
2018-09-13 21:00:00,2047
2018-09-14 00:00:00,2048
2018-09-14 03:00:00,2049
2018-09-14 06:00:00,2050
2018-09-14 09:00:00,2051
2018-09-14 12:00:00,2052
2018-09-14 15:00:00,2053
2018-09-14 18:00:00,2054
2018-09-14 21:00:00,2055
2018-09-15 00:00:00,2056
2018-09-15 03:00:00,2057
2018-09-15 06:00:00,2058
2018-09-15 09:00:00,2059
2018-09-15 12:00:00,2060
2018-09-15 15:00:00,2061
2018-09-15 18:00:00,2062
2018-09-15 21:00:00,2063
2018-09-16 00:00:00,2064
2018-09-16 03:00:00,2065
2018-09-16 06:00:00,2066
2018-09-16 09:00:00,2067
2018-09-16 12:00:00,2068
2018-09-16 15:00:00,2069
2018-09-16 18:00:00,2070
2018-09-16 21:00:00,2071
2018-09-17 00:00:00,2072
2018-09-17 03:00:00,2073
2018-09-17 06:00:00,2074
2018-09-17 09:00:00,2075
2018-09-17 12:00:00,2076
2018-09-17 15:00:00,2077
2018-09-17 18:00:00,2078
2018-09-17 21:00:00,2079
2018-09-18 00:00:00,2080
2018-09-18 03:00:00,2081
2018-09-18 06:00:00,2082
2018-09-18 09:00:00,2083
2018-09-18 12:00:00,2084
2018-09-18 15:00:00,2085
2018-09-18 18:00:00,2086
2018-09-18 21:00:00,2087
2018-09-19 00:00:00,2088
2018-09-19 03:00:00,2089
2018-09-19 06:00:00,2090
2018-09-19 09:00:00,2091
2018-09-19 12:00:00,2092
2018-09-19 15:00:00,2093
2018-09-19 18:00:00,2094
2018-09-19 21:00:00,2095
2018-09-20 00:00:00,2096
2018-09-20 03:00:00,2097
2018-09-20 06:00:00,2098
2018-09-20 09:00:00,2099
2018-09-20 12:00:00,2100
2018-09-20 15:00:00,2101
2018-09-20 18:00:00,2102
2018-09-20 21:00:00,2103
2018-09-21 00:00:00,2104
2018-09-21 03:00:00,2105
2018-09-21 06:00:00,2106
2018-09-21 09:00:00,2107
2018-09-21 12:00:00,2108
2018-09-21 15:00:00,2109
2018-09-21 18:00:00,2110
2018-09-21 21:00:00,2111
2018-09-22 00:00:00,2112
2018-09-22 03:00:00,2113
2018-09-22 06:00:00,2114
2018-09-22 09:00:00,2115
2018-09-22 12:00:00,2116
2018-09-22 15:00:00,2117
2018-09-22 18:00:00,2118
2018-09-22 21:00:00,2119
2018-09-23 00:00:00,2120
2018-09-23 03:00:00,2121
2018-09-23 06:00:00,2122
2018-09-23 09:00:00,2123
2018-09-23 12:00:00,2124
2018-09-23 15:00:00,2125
2018-09-23 18:00:00,2126
2018-09-23 21:00:00,2127
2018-09-24 00:00:00,2128
2018-09-24 03:00:00,2129
2018-09-24 06:00:00,2130
2018-09-24 09:00:00,2131
2018-09-24 12:00:00,2132
2018-09-24 15:00:00,2133
2018-09-24 18:00:00,2134
2018-09-24 21:00:00,2135
2018-09-25 00:00:00,2136
2018-09-25 03:00:00,2137
2018-09-25 06:00:00,2138
2018-09-25 09:00:00,2139
2018-09-25 12:00:00,2140
2018-09-25 15:00:00,2141
2018-09-25 18:00:00,2142
2018-09-25 21:00:00,2143
2018-09-26 00:00:00,2144
2018-09-26 03:00:00,2145
2018-09-26 06:00:00,2146
2018-09-26 09:00:00,2147
2018-09-26 12:00:00,2148
2018-09-26 15:00:00,2149
2018-09-26 18:00:00,2150
2018-09-26 21:00:00,2151
2018-09-27 00:00:00,2152
2018-09-27 03:00:00,2153
2018-09-27 06:00:00,2154
2018-09-27 09:00:00,2155
2018-09-27 12:00:00,2156
2018-09-27 15:00:00,2157
2018-09-27 18:00:00,2158
2018-09-27 21:00:00,2159
2018-09-28 00:00:00,2160
2018-09-28 03:00:00,2161
2018-09-28 06:00:00,2162
2018-09-28 09:00:00,2163
2018-09-28 12:00:00,2164
2018-09-28 15:00:00,2165
2018-09-28 18:00:00,2166
2018-09-28 21:00:00,2167
2018-09-29 00:00:00,2168
2018-09-29 03:00:00,2169
2018-09-29 06:00:00,2170
2018-09-29 09:00:00,2171
2018-09-29 12:00:00,2172
2018-09-29 15:00:00,2173
2018-09-29 18:00:00,2174
2018-09-29 21:00:00,2175
2018-09-30 00:00:00,2176
2018-09-30 03:00:00,2177
2018-09-30 06:00:00,2178
2018-09-30 09:00:00,2179
2018-09-30 12:00:00,2180
2018-09-30 15:00:00,2181
2018-09-30 18:00:00,2182
2018-09-30 21:00:00,2183
2018-10-01 00:00:00,2184
2018-10-01 03:00:00,2185
2018-10-01 06:00:00,2186
2018-10-01 09:00:00,2187
2018-10-01 12:00:00,2188
2018-10-01 15:00:00,2189
2018-10-01 18:00:00,2190
2018-10-01 21:00:00,2191
2018-10-02 00:00:00,2192
2018-10-02 03:00:00,2193
2018-10-02 06:00:00,2194
2018-10-02 09:00:00,2195
2018-10-02 12:00:00,2196
2018-10-02 15:00:00,2197
2018-10-02 18:00:00,2198
2018-10-02 21:00:00,2199
2018-10-03 00:00:00,2200
2018-10-03 03:00:00,2201
2018-10-03 06:00:00,2202
2018-10-03 09:00:00,2203
2018-10-03 12:00:00,2204
2018-10-03 15:00:00,2205
2018-10-03 18:00:00,2206
2018-10-03 21:00:00,2207
2018-10-04 00:00:00,2208
2018-10-04 03:00:00,2209
2018-10-04 06:00:00,2210
2018-10-04 09:00:00,2211
2018-10-04 12:00:00,2212
2018-10-04 15:00:00,2213
2018-10-04 18:00:00,2214
2018-10-04 21:00:00,2215
2018-10-05 00:00:00,2216
2018-10-05 03:00:00,2217
2018-10-05 06:00:00,2218
2018-10-05 09:00:00,2219
2018-10-05 12:00:00,2220
2018-10-05 15:00:00,2221
2018-10-05 18:00:00,2222
2018-10-05 21:00:00,2223
2018-10-06 00:00:00,2224
2018-10-06 03:00:00,2225
2018-10-06 06:00:00,2226
2018-10-06 09:00:00,2227
2018-10-06 12:00:00,2228
2018-10-06 15:00:00,2229
2018-10-06 18:00:00,2230
2018-10-06 21:00:00,2231
2018-10-07 00:00:00,2232
2018-10-07 03:00:00,2233
2018-10-07 06:00:00,2234
2018-10-07 09:00:00,2235
2018-10-07 12:00:00,2236
2018-10-07 15:00:00,2237
2018-10-07 18:00:00,2238
2018-10-07 21:00:00,2239
2018-10-08 00:00:00,2240
2018-10-08 03:00:00,2241
2018-10-08 06:00:00,2242
2018-10-08 09:00:00,2243
2018-10-08 12:00:00,2244
2018-10-08 15:00:00,2245
2018-10-08 18:00:00,2246
2018-10-08 21:00:00,2247
2018-10-09 00:00:00,2248
2018-10-09 03:00:00,2249
2018-10-09 06:00:00,2250
2018-10-09 09:00:00,2251
2018-10-09 12:00:00,2252
2018-10-09 15:00:00,2253
2018-10-09 18:00:00,2254
2018-10-09 21:00:00,2255
2018-10-10 00:00:00,2256
2018-10-10 03:00:00,2257
2018-10-10 06:00:00,2258
2018-10-10 09:00:00,2259
2018-10-10 12:00:00,2260
2018-10-10 15:00:00,2261
2018-10-10 18:00:00,2262
2018-10-10 21:00:00,2263
2018-10-11 00:00:00,2264
2018-10-11 03:00:00,2265
2018-10-11 06:00:00,2266
2018-10-11 09:00:00,2267
2018-10-11 12:00:00,2268
2018-10-11 15:00:00,2269
2018-10-11 18:00:00,2270
2018-10-11 21:00:00,2271
2018-10-12 00:00:00,2272
2018-10-12 03:00:00,2273
2018-10-12 06:00:00,2274
2018-10-12 09:00:00,2275
2018-10-12 12:00:00,2276
2018-10-12 15:00:00,2277
2018-10-12 18:00:00,2278
2018-10-12 21:00:00,2279
2018-10-13 00:00:00,2280
2018-10-13 03:00:00,2281
2018-10-13 06:00:00,2282
2018-10-13 09:00:00,2283
2018-10-13 12:00:00,2284
2018-10-13 15:00:00,2285
2018-10-13 18:00:00,2286
2018-10-13 21:00:00,2287
2018-10-14 00:00:00,2288
2018-10-14 03:00:00,2289
2018-10-14 06:00:00,2290
2018-10-14 09:00:00,2291
2018-10-14 12:00:00,2292
2018-10-14 15:00:00,2293
2018-10-14 18:00:00,2294
2018-10-14 21:00:00,2295
2018-10-15 00:00:00,2296
2018-10-15 03:00:00,2297
2018-10-15 06:00:00,2298
2018-10-15 09:00:00,2299
2018-10-15 12:00:00,2300
2018-10-15 15:00:00,2301
2018-10-15 18:00:00,2302
2018-10-15 21:00:00,2303
2018-10-16 00:00:00,2304
2018-10-16 03:00:00,2305
2018-10-16 06:00:00,2306
2018-10-16 09:00:00,2307
2018-10-16 12:00:00,2308
2018-10-16 15:00:00,2309
2018-10-16 18:00:00,2310
2018-10-16 21:00:00,2311
2018-10-17 00:00:00,2312
2018-10-17 03:00:00,2313
2018-10-17 06:00:00,2314
2018-10-17 09:00:00,2315
2018-10-17 12:00:00,2316
2018-10-17 15:00:00,2317
2018-10-17 18:00:00,2318
2018-10-17 21:00:00,2319
2018-10-18 00:00:00,2320
2018-10-18 03:00:00,2321
2018-10-18 06:00:00,2322
2018-10-18 09:00:00,2323
2018-10-18 12:00:00,2324
2018-10-18 15:00:00,2325
2018-10-18 18:00:00,2326
2018-10-18 21:00:00,2327
2018-10-19 00:00:00,2328
2018-10-19 03:00:00,2329
2018-10-19 06:00:00,2330
2018-10-19 09:00:00,2331
2018-10-19 12:00:00,2332
2018-10-19 15:00:00,2333
2018-10-19 18:00:00,2334
2018-10-19 21:00:00,2335
2018-10-20 00:00:00,2336
2018-10-20 03:00:00,2337
2018-10-20 06:00:00,2338
2018-10-20 09:00:00,2339
2018-10-20 12:00:00,2340
2018-10-20 15:00:00,2341
2018-10-20 18:00:00,2342
2018-10-20 21:00:00,2343
2018-10-21 00:00:00,2344
2018-10-21 03:00:00,2345
2018-10-21 06:00:00,2346
2018-10-21 09:00:00,2347
2018-10-21 12:00:00,2348
2018-10-21 15:00:00,2349
2018-10-21 18:00:00,2350
2018-10-21 21:00:00,2351
2018-10-22 00:00:00,2352
2018-10-22 03:00:00,2353
2018-10-22 06:00:00,2354
2018-10-22 09:00:00,2355
2018-10-22 12:00:00,2356
2018-10-22 15:00:00,2357
2018-10-22 18:00:00,2358
2018-10-22 21:00:00,2359
2018-10-23 00:00:00,2360
2018-10-23 03:00:00,2361
2018-10-23 06:00:00,2362
2018-10-23 09:00:00,2363
2018-10-23 12:00:00,2364
2018-10-23 15:00:00,2365
2018-10-23 18:00:00,2366
2018-10-23 21:00:00,2367
2018-10-24 00:00:00,2368
2018-10-24 03:00:00,2369
2018-10-24 06:00:00,2370
2018-10-24 09:00:00,2371
2018-10-24 12:00:00,2372
2018-10-24 15:00:00,2373
2018-10-24 18:00:00,2374
2018-10-24 21:00:00,2375
2018-10-25 00:00:00,2376
2018-10-25 03:00:00,2377
2018-10-25 06:00:00,2378
2018-10-25 09:00:00,2379
2018-10-25 12:00:00,2380
2018-10-25 15:00:00,2381
2018-10-25 18:00:00,2382
2018-10-25 21:00:00,2383
2018-10-26 00:00:00,2384
2018-10-26 03:00:00,2385
2018-10-26 06:00:00,2386
2018-10-26 09:00:00,2387
2018-10-26 12:00:00,2388
2018-10-26 15:00:00,2389
2018-10-26 18:00:00,2390
2018-10-26 21:00:00,2391
2018-10-27 00:00:00,2392
2018-10-27 03:00:00,2393
2018-10-27 06:00:00,2394
2018-10-27 09:00:00,2395
2018-10-27 12:00:00,2396
2018-10-27 15:00:00,2397
2018-10-27 18:00:00,2398
2018-10-27 21:00:00,2399
2018-10-28 00:00:00,2400
2018-10-28 03:00:00,2401
2018-10-28 06:00:00,2402
2018-10-28 09:00:00,2403
2018-10-28 12:00:00,2404
2018-10-28 15:00:00,2405
2018-10-28 18:00:00,2406
2018-10-28 21:00:00,2407
2018-10-29 00:00:00,2408
2018-10-29 03:00:00,2409
2018-10-29 06:00:00,2410
2018-10-29 09:00:00,2411
2018-10-29 12:00:00,2412
2018-10-29 15:00:00,2413
2018-10-29 18:00:00,2414
2018-10-29 21:00:00,2415
2018-10-30 00:00:00,2416
2018-10-30 03:00:00,2417
2018-10-30 06:00:00,2418
2018-10-30 09:00:00,2419
2018-10-30 12:00:00,2420
2018-10-30 15:00:00,2421
2018-10-30 18:00:00,2422
2018-10-30 21:00:00,2423
2018-10-31 00:00:00,2424
2018-10-31 03:00:00,2425
2018-10-31 06:00:00,2426
2018-10-31 09:00:00,2427
2018-10-31 12:00:00,2428
2018-10-31 15:00:00,2429
2018-10-31 18:00:00,2430
2018-10-31 21:00:00,2431
2018-11-01 00:00:00,2432
2018-11-01 03:00:00,2433
2018-11-01 06:00:00,2434
2018-11-01 09:00:00,2435
2018-11-01 12:00:00,2436
2018-11-01 15:00:00,2437
2018-11-01 18:00:00,2438
2018-11-01 21:00:00,2439
2018-11-02 00:00:00,2440
2018-11-02 03:00:00,2441
2018-11-02 06:00:00,2442
2018-11-02 09:00:00,2443
2018-11-02 12:00:00,2444
2018-11-02 15:00:00,2445
2018-11-02 18:00:00,2446
2018-11-02 21:00:00,2447
2018-11-03 00:00:00,2448
2018-11-03 03:00:00,2449
2018-11-03 06:00:00,2450
2018-11-03 09:00:00,2451
2018-11-03 12:00:00,2452
2018-11-03 15:00:00,2453
2018-11-03 18:00:00,2454
2018-11-03 21:00:00,2455
2018-11-04 00:00:00,2456
2018-11-04 03:00:00,2457
2018-11-04 06:00:00,2458
2018-11-04 09:00:00,2459
2018-11-04 12:00:00,2460
2018-11-04 15:00:00,2461
2018-11-04 18:00:00,2462
2018-11-04 21:00:00,2463
2018-11-05 00:00:00,2464
2018-11-05 03:00:00,2465
2018-11-05 06:00:00,2466
2018-11-05 09:00:00,2467
2018-11-05 12:00:00,2468
2018-11-05 15:00:00,2469
2018-11-05 18:00:00,2470
2018-11-05 21:00:00,2471
2018-11-06 00:00:00,2472
2018-11-06 03:00:00,2473
2018-11-06 06:00:00,2474
2018-11-06 09:00:00,2475
2018-11-06 12:00:00,2476
2018-11-06 15:00:00,2477
2018-11-06 18:00:00,2478
2018-11-06 21:00:00,2479
2018-11-07 00:00:00,2480
2018-11-07 03:00:00,2481
2018-11-07 06:00:00,2482
2018-11-07 09:00:00,2483
2018-11-07 12:00:00,2484
2018-11-07 15:00:00,2485
2018-11-07 18:00:00,2486
2018-11-07 21:00:00,2487
2018-11-08 00:00:00,2488
2018-11-08 03:00:00,2489
2018-11-08 06:00:00,2490
2018-11-08 09:00:00,2491
2018-11-08 12:00:00,2492
2018-11-08 15:00:00,2493
2018-11-08 18:00:00,2494
2018-11-08 21:00:00,2495
2018-11-09 00:00:00,2496
2018-11-09 03:00:00,2497
2018-11-09 06:00:00,2498
2018-11-09 09:00:00,2499
2018-11-09 12:00:00,2500
2018-11-09 15:00:00,2501
2018-11-09 18:00:00,2502
2018-11-09 21:00:00,2503
2018-11-10 00:00:00,2504
2018-11-10 03:00:00,2505
2018-11-10 06:00:00,2506
2018-11-10 09:00:00,2507
2018-11-10 12:00:00,2508
2018-11-10 15:00:00,2509
2018-11-10 18:00:00,2510
2018-11-10 21:00:00,2511
2018-11-11 00:00:00,2512
2018-11-11 03:00:00,2513
2018-11-11 06:00:00,2514
2018-11-11 09:00:00,2515
2018-11-11 12:00:00,2516
2018-11-11 15:00:00,2517
2018-11-11 18:00:00,2518
2018-11-11 21:00:00,2519
2018-11-12 00:00:00,2520
2018-11-12 03:00:00,2521
2018-11-12 06:00:00,2522
2018-11-12 09:00:00,2523
2018-11-12 12:00:00,2524
2018-11-12 15:00:00,2525
2018-11-12 18:00:00,2526
2018-11-12 21:00:00,2527
2018-11-13 00:00:00,2528
2018-11-13 03:00:00,2529
2018-11-13 06:00:00,2530
2018-11-13 09:00:00,2531
2018-11-13 12:00:00,2532
2018-11-13 15:00:00,2533
2018-11-13 18:00:00,2534
2018-11-13 21:00:00,2535
2018-11-14 00:00:00,2536
2018-11-14 03:00:00,2537
2018-11-14 06:00:00,2538
2018-11-14 09:00:00,2539
2018-11-14 12:00:00,2540
2018-11-14 15:00:00,2541
2018-11-14 18:00:00,2542
2018-11-14 21:00:00,2543
2018-11-15 00:00:00,2544
2018-11-15 03:00:00,2545
2018-11-15 06:00:00,2546
2018-11-15 09:00:00,2547
2018-11-15 12:00:00,2548
2018-11-15 15:00:00,2549
2018-11-15 18:00:00,2550
2018-11-15 21:00:00,2551
2018-11-16 00:00:00,2552
2018-11-16 03:00:00,2553
2018-11-16 06:00:00,2554
2018-11-16 09:00:00,2555
2018-11-16 12:00:00,2556
2018-11-16 15:00:00,2557
2018-11-16 18:00:00,2558
2018-11-16 21:00:00,2559
2018-11-17 00:00:00,2560
2018-11-17 03:00:00,2561
2018-11-17 06:00:00,2562
2018-11-17 09:00:00,2563
2018-11-17 12:00:00,2564
2018-11-17 15:00:00,2565
2018-11-17 18:00:00,2566
2018-11-17 21:00:00,2567
2018-11-18 00:00:00,2568
2018-11-18 03:00:00,2569
2018-11-18 06:00:00,2570
2018-11-18 09:00:00,2571
2018-11-18 12:00:00,2572
2018-11-18 15:00:00,2573
2018-11-18 18:00:00,2574
2018-11-18 21:00:00,2575
2018-11-19 00:00:00,2576
2018-11-19 03:00:00,2577
2018-11-19 06:00:00,2578
2018-11-19 09:00:00,2579
2018-11-19 12:00:00,2580
2018-11-19 15:00:00,2581
2018-11-19 18:00:00,2582
2018-11-19 21:00:00,2583
2018-11-20 00:00:00,2584
2018-11-20 03:00:00,2585
2018-11-20 06:00:00,2586
2018-11-20 09:00:00,2587
2018-11-20 12:00:00,2588
2018-11-20 15:00:00,2589
2018-11-20 18:00:00,2590
2018-11-20 21:00:00,2591
2018-11-21 00:00:00,2592
2018-11-21 03:00:00,2593
2018-11-21 06:00:00,2594
2018-11-21 09:00:00,2595
2018-11-21 12:00:00,2596
2018-11-21 15:00:00,2597
2018-11-21 18:00:00,2598
2018-11-21 21:00:00,2599
2018-11-22 00:00:00,2600
2018-11-22 03:00:00,2601
2018-11-22 06:00:00,2602
2018-11-22 09:00:00,2603
2018-11-22 12:00:00,2604
2018-11-22 15:00:00,2605
2018-11-22 18:00:00,2606
2018-11-22 21:00:00,2607
2018-11-23 00:00:00,2608
2018-11-23 03:00:00,2609
2018-11-23 06:00:00,2610
2018-11-23 09:00:00,2611
2018-11-23 12:00:00,2612
2018-11-23 15:00:00,2613
2018-11-23 18:00:00,2614
2018-11-23 21:00:00,2615
2018-11-24 00:00:00,2616
2018-11-24 03:00:00,2617
2018-11-24 06:00:00,2618
2018-11-24 09:00:00,2619
2018-11-24 12:00:00,2620
2018-11-24 15:00:00,2621
2018-11-24 18:00:00,2622
2018-11-24 21:00:00,2623
2018-11-25 00:00:00,2624
2018-11-25 03:00:00,2625
2018-11-25 06:00:00,2626
2018-11-25 09:00:00,2627
2018-11-25 12:00:00,2628
2018-11-25 15:00:00,2629
2018-11-25 18:00:00,2630
2018-11-25 21:00:00,2631
2018-11-26 00:00:00,2632
2018-11-26 03:00:00,2633
2018-11-26 06:00:00,2634
2018-11-26 09:00:00,2635
2018-11-26 12:00:00,2636
2018-11-26 15:00:00,2637
2018-11-26 18:00:00,2638
2018-11-26 21:00:00,2639
2018-11-27 00:00:00,2640
2018-11-27 03:00:00,2641
2018-11-27 06:00:00,2642
2018-11-27 09:00:00,2643
2018-11-27 12:00:00,2644
2018-11-27 15:00:00,2645
2018-11-27 18:00:00,2646
2018-11-27 21:00:00,2647
2018-11-28 00:00:00,2648
2018-11-28 03:00:00,2649
2018-11-28 06:00:00,2650
2018-11-28 09:00:00,2651
2018-11-28 12:00:00,2652
2018-11-28 15:00:00,2653
2018-11-28 18:00:00,2654
2018-11-28 21:00:00,2655
2018-11-29 00:00:00,2656
2018-11-29 03:00:00,2657
2018-11-29 06:00:00,2658
2018-11-29 09:00:00,2659
2018-11-29 12:00:00,2660
2018-11-29 15:00:00,2661
2018-11-29 18:00:00,2662
2018-11-29 21:00:00,2663
2018-11-30 00:00:00,2664
2018-11-30 03:00:00,2665
2018-11-30 06:00:00,2666
2018-11-30 09:00:00,2667
2018-11-30 12:00:00,2668
2018-11-30 15:00:00,2669
2018-11-30 18:00:00,2670
2018-11-30 21:00:00,2671
2018-12-01 00:00:00,2672
2018-12-01 03:00:00,2673
2018-12-01 06:00:00,2674
2018-12-01 09:00:00,2675
2018-12-01 12:00:00,2676
2018-12-01 15:00:00,2677
2018-12-01 18:00:00,2678
2018-12-01 21:00:00,2679
2018-12-02 00:00:00,2680
2018-12-02 03:00:00,2681
2018-12-02 06:00:00,2682
2018-12-02 09:00:00,2683
2018-12-02 12:00:00,2684
2018-12-02 15:00:00,2685
2018-12-02 18:00:00,2686
2018-12-02 21:00:00,2687
2018-12-03 00:00:00,2688
2018-12-03 03:00:00,2689
2018-12-03 06:00:00,2690
2018-12-03 09:00:00,2691
2018-12-03 12:00:00,2692
2018-12-03 15:00:00,2693
2018-12-03 18:00:00,2694
2018-12-03 21:00:00,2695
2018-12-04 00:00:00,2696
2018-12-04 03:00:00,2697
2018-12-04 06:00:00,2698
2018-12-04 09:00:00,2699
2018-12-04 12:00:00,2700
2018-12-04 15:00:00,2701
2018-12-04 18:00:00,2702
2018-12-04 21:00:00,2703
2018-12-05 00:00:00,2704
2018-12-05 03:00:00,2705
2018-12-05 06:00:00,2706
2018-12-05 09:00:00,2707
2018-12-05 12:00:00,2708
2018-12-05 15:00:00,2709
2018-12-05 18:00:00,2710
2018-12-05 21:00:00,2711
2018-12-06 00:00:00,2712
2018-12-06 03:00:00,2713
2018-12-06 06:00:00,2714
2018-12-06 09:00:00,2715
2018-12-06 12:00:00,2716
2018-12-06 15:00:00,2717
2018-12-06 18:00:00,2718
2018-12-06 21:00:00,2719
2018-12-07 00:00:00,2720
2018-12-07 03:00:00,2721
2018-12-07 06:00:00,2722
2018-12-07 09:00:00,2723
2018-12-07 12:00:00,2724
2018-12-07 15:00:00,2725
2018-12-07 18:00:00,2726
2018-12-07 21:00:00,2727
2018-12-08 00:00:00,2728
2018-12-08 03:00:00,2729
2018-12-08 06:00:00,2730
2018-12-08 09:00:00,2731
2018-12-08 12:00:00,2732
2018-12-08 15:00:00,2733
2018-12-08 18:00:00,2734
2018-12-08 21:00:00,2735
2018-12-09 00:00:00,2736
2018-12-09 03:00:00,2737
2018-12-09 06:00:00,2738
2018-12-09 09:00:00,2739
2018-12-09 12:00:00,2740
2018-12-09 15:00:00,2741
2018-12-09 18:00:00,2742
2018-12-09 21:00:00,2743
2018-12-10 00:00:00,2744
2018-12-10 03:00:00,2745
2018-12-10 06:00:00,2746
2018-12-10 09:00:00,2747
2018-12-10 12:00:00,2748
2018-12-10 15:00:00,2749
2018-12-10 18:00:00,2750
2018-12-10 21:00:00,2751
2018-12-11 00:00:00,2752
2018-12-11 03:00:00,2753
2018-12-11 06:00:00,2754
2018-12-11 09:00:00,2755
2018-12-11 12:00:00,2756
2018-12-11 15:00:00,2757
2018-12-11 18:00:00,2758
2018-12-11 21:00:00,2759
2018-12-12 00:00:00,2760
2018-12-12 03:00:00,2761
2018-12-12 06:00:00,2762
2018-12-12 09:00:00,2763
2018-12-12 12:00:00,2764
2018-12-12 15:00:00,2765
2018-12-12 18:00:00,2766
2018-12-12 21:00:00,2767
2018-12-13 00:00:00,2768
2018-12-13 03:00:00,2769
2018-12-13 06:00:00,2770
2018-12-13 09:00:00,2771
2018-12-13 12:00:00,2772
2018-12-13 15:00:00,2773
2018-12-13 18:00:00,2774
2018-12-13 21:00:00,2775
2018-12-14 00:00:00,2776
2018-12-14 03:00:00,2777
2018-12-14 06:00:00,2778
2018-12-14 09:00:00,2779
2018-12-14 12:00:00,2780
2018-12-14 15:00:00,2781
2018-12-14 18:00:00,2782
2018-12-14 21:00:00,2783
2018-12-15 00:00:00,2784
2018-12-15 03:00:00,2785
2018-12-15 06:00:00,2786
2018-12-15 09:00:00,2787
2018-12-15 12:00:00,2788
2018-12-15 15:00:00,2789
2018-12-15 18:00:00,2790
2018-12-15 21:00:00,2791
2018-12-16 00:00:00,2792
2018-12-16 03:00:00,2793
2018-12-16 06:00:00,2794
2018-12-16 09:00:00,2795
2018-12-16 12:00:00,2796
2018-12-16 15:00:00,2797
2018-12-16 18:00:00,2798
2018-12-16 21:00:00,2799
2018-12-17 00:00:00,2800
2018-12-17 03:00:00,2801
2018-12-17 06:00:00,2802
2018-12-17 09:00:00,2803
2018-12-17 12:00:00,2804
2018-12-17 15:00:00,2805
2018-12-17 18:00:00,2806
2018-12-17 21:00:00,2807
2018-12-18 00:00:00,2808
2018-12-18 03:00:00,2809
2018-12-18 06:00:00,2810
2018-12-18 09:00:00,2811
2018-12-18 12:00:00,2812
2018-12-18 15:00:00,2813
2018-12-18 18:00:00,2814
2018-12-18 21:00:00,2815
2018-12-19 00:00:00,2816
2018-12-19 03:00:00,2817
2018-12-19 06:00:00,2818
2018-12-19 09:00:00,2819
2018-12-19 12:00:00,2820
2018-12-19 15:00:00,2821
2018-12-19 18:00:00,2822
2018-12-19 21:00:00,2823
2018-12-20 00:00:00,2824
2018-12-20 03:00:00,2825
2018-12-20 06:00:00,2826
2018-12-20 09:00:00,2827
2018-12-20 12:00:00,2828
2018-12-20 15:00:00,2829
2018-12-20 18:00:00,2830
2018-12-20 21:00:00,2831
2018-12-21 00:00:00,2832
2018-12-21 03:00:00,2833
2018-12-21 06:00:00,2834
2018-12-21 09:00:00,2835
2018-12-21 12:00:00,2836
2018-12-21 15:00:00,2837
2018-12-21 18:00:00,2838
2018-12-21 21:00:00,2839
2018-12-22 00:00:00,2840
2018-12-22 03:00:00,2841
2018-12-22 06:00:00,2842
2018-12-22 09:00:00,2843
2018-12-22 12:00:00,2844
2018-12-22 15:00:00,2845
2018-12-22 18:00:00,2846
2018-12-22 21:00:00,2847
2018-12-23 00:00:00,2848
2018-12-23 03:00:00,2849
2018-12-23 06:00:00,2850
2018-12-23 09:00:00,2851
2018-12-23 12:00:00,2852
2018-12-23 15:00:00,2853
2018-12-23 18:00:00,2854
2018-12-23 21:00:00,2855
2018-12-24 00:00:00,2856
2018-12-24 03:00:00,2857
2018-12-24 06:00:00,2858
2018-12-24 09:00:00,2859
2018-12-24 12:00:00,2860
2018-12-24 15:00:00,2861
2018-12-24 18:00:00,2862
2018-12-24 21:00:00,2863
2018-12-25 00:00:00,2864
2018-12-25 03:00:00,2865
2018-12-25 06:00:00,2866
2018-12-25 09:00:00,2867
2018-12-25 12:00:00,2868
2018-12-25 15:00:00,2869
2018-12-25 18:00:00,2870
2018-12-25 21:00:00,2871
2018-12-26 00:00:00,2872
2018-12-26 03:00:00,2873
2018-12-26 06:00:00,2874
2018-12-26 09:00:00,2875
2018-12-26 12:00:00,2876
2018-12-26 15:00:00,2877
2018-12-26 18:00:00,2878
2018-12-26 21:00:00,2879
2018-12-27 00:00:00,2880
2018-12-27 03:00:00,2881
2018-12-27 06:00:00,2882
2018-12-27 09:00:00,2883
2018-12-27 12:00:00,2884
2018-12-27 15:00:00,2885
2018-12-27 18:00:00,2886
2018-12-27 21:00:00,2887
2018-12-28 00:00:00,2888
2018-12-28 03:00:00,2889
2018-12-28 06:00:00,2890
2018-12-28 09:00:00,2891
2018-12-28 12:00:00,2892
2018-12-28 15:00:00,2893
2018-12-28 18:00:00,2894
2018-12-28 21:00:00,2895
2018-12-29 00:00:00,2896
2018-12-29 03:00:00,2897
2018-12-29 06:00:00,2898
2018-12-29 09:00:00,2899
2018-12-29 12:00:00,2900
2018-12-29 15:00:00,2901
2018-12-29 18:00:00,2902
2018-12-29 21:00:00,2903
2018-12-30 00:00:00,2904
2018-12-30 03:00:00,2905
2018-12-30 06:00:00,2906
2018-12-30 09:00:00,2907
2018-12-30 12:00:00,2908
2018-12-30 15:00:00,2909
2018-12-30 18:00:00,2910
2018-12-30 21:00:00,2911
2018-12-31 00:00:00,2912
2018-12-31 03:00:00,2913
2018-12-31 06:00:00,2914
2018-12-31 09:00:00,2915
2018-12-31 12:00:00,2916
2018-12-31 15:00:00,2917
2018-12-31 18:00:00,2918
2018-12-31 21:00:00,2919
